{"data":[{"GPOChanges":{"LocalAdmins":[],"RemoteDesktopUsers":[],"DcomUsers":[],"PSRemoteUsers":[],"AffectedComputers":[{"ObjectIdentifier":"S-1-5-21-1107894465-4119991344-1603665553-1000","ObjectType":"Computer"}]},"Properties":{"domain":"DANTE.ADMIN","name":"DANTE.ADMIN","distinguishedname":"DC=DANTE,DC=ADMIN","domainsid":"S-1-5-21-1107894465-4119991344-1603665553","isaclprotected":false,"functionallevel":"Unknown","collected":true},"ChildObjects":[],"Trusts":[],"Links":[{"IsEnforced":false,"GUID":"23E71B83-4ED2-4D75-AB74-B03DD3AD0868"},{"IsEnforced":false,"GUID":"4590272C-833E-49BE-95A5-C58C7F61C603"}],"InheritanceHashes":["46b66b0abd4e73f940c5acadaf59fd61","f73f4698fa116794b0b2a14d4870ea4c","39470d587c915e2c46f392584978c5a1","448a83e80d3fc3055db4b94a87449836","26ce62a37185b7b6089a38fb877aaf38","f4e92523b82f57262878e4ddf094065a","b7db3106a2e239a47ee053e1e16bf863","0c43c68a03b94444500a28dce9716534","d0941ccfc4c16919febd3b206e273c95","391d898b72146e1bd3f4179ea0a1447b","deb7c740a633e2ff1a40bc6746389257","e6e3cc3f62ffbad3f5f27d59544aadc1","7d3f82e4ff0112cd0a13b4236daf8046","3c2365d3d6905f0fd2ebd95a4eff02fe","ad47863d25a7358128a483647212fb8b","9729f6da177cc5460d7cee5186320086","c91e5d60ff2610dc3bc176392a62f5f8","1b06055590644c1d880a025e85d59265","273c60fc8cade45a7332fdf3ad755a9c","30820001dc97cabda2dc8a86d8d1c6d3","24d1c8d6acaa196de185fc759476d7e9","bfa03e38bfd6fa91b7defe8eb32e57c5"],"ForestRootIdentifier":null,"Aces":[{"PrincipalSID":"DANTE.ADMIN-S-1-5-32-544","PrincipalType":"Group","RightName":"Owns","IsInherited":false,"InheritanceHash":null},{"PrincipalSID":"DANTE.ADMIN-S-1-5-32-544","PrincipalType":"Group","RightName":"WriteDacl","IsInherited":false,"InheritanceHash":""},{"PrincipalSID":"DANTE.ADMIN-S-1-5-32-544","PrincipalType":"Group","RightName":"WriteOwner","IsInherited":false,"InheritanceHash":""},{"PrincipalSID":"DANTE.ADMIN-S-1-5-32-544","PrincipalType":"Group","RightName":"AllExtendedRights","IsInherited":false,"InheritanceHash":""},{"PrincipalSID":"S-1-5-21-1107894465-4119991344-1603665553-512","PrincipalType":"Group","RightName":"WriteDacl","IsInherited":false,"InheritanceHash":""},{"PrincipalSID":"S-1-5-21-1107894465-4119991344-1603665553-512","PrincipalType":"Group","RightName":"WriteOwner","IsInherited":false,"InheritanceHash":""},{"PrincipalSID":"S-1-5-21-1107894465-4119991344-1603665553-512","PrincipalType":"Group","RightName":"AllExtendedRights","IsInherited":false,"InheritanceHash":""},{"PrincipalSID":"S-1-5-21-1107894465-4119991344-1603665553-519","PrincipalType":"Group","RightName":"GenericAll","IsInherited":false,"InheritanceHash":""},{"PrincipalSID":"DANTE.ADMIN-S-1-5-9","PrincipalType":"Group","RightName":"GetChanges","IsInherited":false,"InheritanceHash":""},{"PrincipalSID":"DANTE.ADMIN-S-1-5-9","PrincipalType":"Group","RightName":"GetChangesInFilteredSet","IsInherited":false,"InheritanceHash":""},{"PrincipalSID":"DANTE.ADMIN-S-1-5-32-544","PrincipalType":"Group","RightName":"GetChangesAll","IsInherited":false,"InheritanceHash":""},{"PrincipalSID":"DANTE.ADMIN-S-1-5-32-544","PrincipalType":"Group","RightName":"GetChanges","IsInherited":false,"InheritanceHash":""},{"PrincipalSID":"DANTE.ADMIN-S-1-5-32-544","PrincipalType":"Group","RightName":"GetChangesInFilteredSet","IsInherited":false,"InheritanceHash":""},{"PrincipalSID":"S-1-5-21-1107894465-4119991344-1603665553-498","PrincipalType":"Group","RightName":"GetChanges","IsInherited":false,"InheritanceHash":""},{"PrincipalSID":"S-1-5-21-1107894465-4119991344-1603665553-516","PrincipalType":"Group","RightName":"GetChangesAll","IsInherited":false,"InheritanceHash":""},{"PrincipalSID":"S-1-5-21-1107894465-4119991344-1603665553-1106","PrincipalType":"User","RightName":"GetChangesAll","IsInherited":false,"InheritanceHash":""},{"PrincipalSID":"S-1-5-21-1107894465-4119991344-1603665553-1106","PrincipalType":"User","RightName":"GetChanges","IsInherited":false,"InheritanceHash":""},{"PrincipalSID":"S-1-5-21-1107894465-4119991344-1603665553-1106","PrincipalType":"User","RightName":"GetChangesInFilteredSet","IsInherited":false,"InheritanceHash":""}],"ObjectIdentifier":"S-1-5-21-1107894465-4119991344-1603665553","IsDeleted":false,"IsACLProtected":false,"ContainedBy":null}],"meta":{"methods":521215,"type":"domains","count":1,"version":6,"collectorversion":"2.5.1.0"}}