{"data":[{"Properties":{"domain":"DANTE.ADMIN","name":"GUEST@DANTE.ADMIN","distinguishedname":"CN=GUEST,CN=USERS,DC=DANTE,DC=ADMIN","domainsid":"S-1-5-21-1107894465-4119991344-1603665553","samaccountname":"Guest","isaclprotected":false,"sensitive":false,"dontreqpreauth":false,"passwordnotreqd":true,"unconstraineddelegation":false,"pwdneverexpires":true,"enabled":false,"trustedtoauth":false,"lastlogon":-1,"lastlogontimestamp":-1,"pwdlastset":0,"serviceprincipalnames":[],"hasspn":false,"displayname":null,"email":null,"title":null,"homedirectory":null,"userpassword":null,"unixpassword":null,"unicodepassword":null,"sfupassword":null,"logonscript":null,"admincount":false,"sidhistory":[]},"AllowedToDelegate":[],"PrimaryGroupSID":"S-1-5-21-1107894465-4119991344-1603665553-514","HasSIDHistory":[],"SPNTargets":[],"Aces":[{"PrincipalSID":"DANTE.ADMIN-S-1-5-32-544","PrincipalType":"Group","RightName":"Owns","IsInherited":false,"InheritanceHash":null},{"PrincipalSID":"DANTE.ADMIN-S-1-5-32-548","PrincipalType":"Group","RightName":"GenericAll","IsInherited":false,"InheritanceHash":""},{"PrincipalSID":"S-1-5-21-1107894465-4119991344-1603665553-512","PrincipalType":"Group","RightName":"GenericAll","IsInherited":false,"InheritanceHash":""},{"PrincipalSID":"S-1-5-21-1107894465-4119991344-1603665553-526","PrincipalType":"Group","RightName":"AddKeyCredentialLink","IsInherited":true,"InheritanceHash":"273c60fc8cade45a7332fdf3ad755a9c"},{"PrincipalSID":"S-1-5-21-1107894465-4119991344-1603665553-527","PrincipalType":"Group","RightName":"AddKeyCredentialLink","IsInherited":true,"InheritanceHash":"30820001dc97cabda2dc8a86d8d1c6d3"},{"PrincipalSID":"S-1-5-21-1107894465-4119991344-1603665553-519","PrincipalType":"Group","RightName":"GenericAll","IsInherited":true,"InheritanceHash":"39470d587c915e2c46f392584978c5a1"},{"PrincipalSID":"DANTE.ADMIN-S-1-5-32-544","PrincipalType":"Group","RightName":"WriteDacl","IsInherited":true,"InheritanceHash":"46b66b0abd4e73f940c5acadaf59fd61"},{"PrincipalSID":"DANTE.ADMIN-S-1-5-32-544","PrincipalType":"Group","RightName":"WriteOwner","IsInherited":true,"InheritanceHash":"46b66b0abd4e73f940c5acadaf59fd61"},{"PrincipalSID":"DANTE.ADMIN-S-1-5-32-544","PrincipalType":"Group","RightName":"AllExtendedRights","IsInherited":true,"InheritanceHash":"46b66b0abd4e73f940c5acadaf59fd61"},{"PrincipalSID":"DANTE.ADMIN-S-1-5-32-544","PrincipalType":"Group","RightName":"GenericWrite","IsInherited":true,"InheritanceHash":"46b66b0abd4e73f940c5acadaf59fd61"}],"ObjectIdentifier":"S-1-5-21-1107894465-4119991344-1603665553-501","IsDeleted":false,"IsACLProtected":false,"ContainedBy":{"ObjectIdentifier":"56504B61-6ADD-408A-A15E-2D9C52D20CBD","ObjectType":"Container"}},{"Properties":{"domain":"DANTE.ADMIN","name":"ADMINISTRATOR@DANTE.ADMIN","distinguishedname":"CN=ADMINISTRATOR,CN=USERS,DC=DANTE,DC=ADMIN","domainsid":"S-1-5-21-1107894465-4119991344-1603665553","samaccountname":"Administrator","isaclprotected":true,"sensitive":false,"dontreqpreauth":false,"passwordnotreqd":false,"unconstraineddelegation":false,"pwdneverexpires":true,"enabled":true,"trustedtoauth":false,"lastlogon":-1,"lastlogontimestamp":1721995400,"pwdlastset":1593667624,"serviceprincipalnames":[],"hasspn":false,"displayname":null,"email":null,"title":null,"homedirectory":null,"userpassword":null,"unixpassword":null,"unicodepassword":null,"sfupassword":null,"logonscript":null,"admincount":false,"sidhistory":[]},"AllowedToDelegate":[],"PrimaryGroupSID":"S-1-5-21-1107894465-4119991344-1603665553-513","HasSIDHistory":[],"SPNTargets":[],"Aces":[{"PrincipalSID":"S-1-5-21-1107894465-4119991344-1603665553-512","PrincipalType":"Group","RightName":"Owns","IsInherited":false,"InheritanceHash":null},{"PrincipalSID":"DANTE.ADMIN-S-1-5-32-544","PrincipalType":"Group","RightName":"WriteDacl","IsInherited":false,"InheritanceHash":""},{"PrincipalSID":"DANTE.ADMIN-S-1-5-32-544","PrincipalType":"Group","RightName":"WriteOwner","IsInherited":false,"InheritanceHash":""},{"PrincipalSID":"DANTE.ADMIN-S-1-5-32-544","PrincipalType":"Group","RightName":"AllExtendedRights","IsInherited":false,"InheritanceHash":""},{"PrincipalSID":"DANTE.ADMIN-S-1-5-32-544","PrincipalType":"Group","RightName":"GenericWrite","IsInherited":false,"InheritanceHash":""},{"PrincipalSID":"S-1-5-21-1107894465-4119991344-1603665553-512","PrincipalType":"Group","RightName":"WriteDacl","IsInherited":false,"InheritanceHash":""},{"PrincipalSID":"S-1-5-21-1107894465-4119991344-1603665553-512","PrincipalType":"Group","RightName":"WriteOwner","IsInherited":false,"InheritanceHash":""},{"PrincipalSID":"S-1-5-21-1107894465-4119991344-1603665553-512","PrincipalType":"Group","RightName":"AllExtendedRights","IsInherited":false,"InheritanceHash":""},{"PrincipalSID":"S-1-5-21-1107894465-4119991344-1603665553-512","PrincipalType":"Group","RightName":"GenericWrite","IsInherited":false,"InheritanceHash":""},{"PrincipalSID":"S-1-5-21-1107894465-4119991344-1603665553-519","PrincipalType":"Group","RightName":"WriteDacl","IsInherited":false,"InheritanceHash":""},{"PrincipalSID":"S-1-5-21-1107894465-4119991344-1603665553-519","PrincipalType":"Group","RightName":"WriteOwner","IsInherited":false,"InheritanceHash":""},{"PrincipalSID":"S-1-5-21-1107894465-4119991344-1603665553-519","PrincipalType":"Group","RightName":"AllExtendedRights","IsInherited":false,"InheritanceHash":""},{"PrincipalSID":"S-1-5-21-1107894465-4119991344-1603665553-519","PrincipalType":"Group","RightName":"GenericWrite","IsInherited":false,"InheritanceHash":""}],"ObjectIdentifier":"S-1-5-21-1107894465-4119991344-1603665553-500","IsDeleted":false,"IsACLProtected":true,"ContainedBy":{"ObjectIdentifier":"56504B61-6ADD-408A-A15E-2D9C52D20CBD","ObjectType":"Container"}},{"Properties":{"domain":"DANTE.ADMIN","name":"JBERCOV@DANTE.ADMIN","distinguishedname":"CN=JOHN BERCOV,CN=USERS,DC=DANTE,DC=ADMIN","domainsid":"S-1-5-21-1107894465-4119991344-1603665553","samaccountname":"jbercov","isaclprotected":false,"sensitive":false,"dontreqpreauth":true,"passwordnotreqd":false,"unconstraineddelegation":false,"pwdneverexpires":true,"enabled":true,"trustedtoauth":false,"lastlogon":-1,"lastlogontimestamp":1722065947,"pwdlastset":1593683322,"serviceprincipalnames":[],"hasspn":false,"displayname":"john bercov","email":null,"title":null,"homedirectory":null,"userpassword":null,"unixpassword":null,"unicodepassword":null,"sfupassword":null,"logonscript":null,"admincount":false,"sidhistory":[]},"AllowedToDelegate":[],"PrimaryGroupSID":"S-1-5-21-1107894465-4119991344-1603665553-513","HasSIDHistory":[],"SPNTargets":[],"Aces":[{"PrincipalSID":"S-1-5-21-1107894465-4119991344-1603665553-512","PrincipalType":"Group","RightName":"Owns","IsInherited":false,"InheritanceHash":null},{"PrincipalSID":"DANTE.ADMIN-S-1-5-32-548","PrincipalType":"Group","RightName":"GenericAll","IsInherited":false,"InheritanceHash":""},{"PrincipalSID":"S-1-5-21-1107894465-4119991344-1603665553-512","PrincipalType":"Group","RightName":"GenericAll","IsInherited":false,"InheritanceHash":""},{"PrincipalSID":"S-1-5-21-1107894465-4119991344-1603665553-526","PrincipalType":"Group","RightName":"AddKeyCredentialLink","IsInherited":true,"InheritanceHash":"273c60fc8cade45a7332fdf3ad755a9c"},{"PrincipalSID":"S-1-5-21-1107894465-4119991344-1603665553-527","PrincipalType":"Group","RightName":"AddKeyCredentialLink","IsInherited":true,"InheritanceHash":"30820001dc97cabda2dc8a86d8d1c6d3"},{"PrincipalSID":"S-1-5-21-1107894465-4119991344-1603665553-519","PrincipalType":"Group","RightName":"GenericAll","IsInherited":true,"InheritanceHash":"39470d587c915e2c46f392584978c5a1"},{"PrincipalSID":"DANTE.ADMIN-S-1-5-32-544","PrincipalType":"Group","RightName":"WriteDacl","IsInherited":true,"InheritanceHash":"46b66b0abd4e73f940c5acadaf59fd61"},{"PrincipalSID":"DANTE.ADMIN-S-1-5-32-544","PrincipalType":"Group","RightName":"WriteOwner","IsInherited":true,"InheritanceHash":"46b66b0abd4e73f940c5acadaf59fd61"},{"PrincipalSID":"DANTE.ADMIN-S-1-5-32-544","PrincipalType":"Group","RightName":"AllExtendedRights","IsInherited":true,"InheritanceHash":"46b66b0abd4e73f940c5acadaf59fd61"},{"PrincipalSID":"DANTE.ADMIN-S-1-5-32-544","PrincipalType":"Group","RightName":"GenericWrite","IsInherited":true,"InheritanceHash":"46b66b0abd4e73f940c5acadaf59fd61"}],"ObjectIdentifier":"S-1-5-21-1107894465-4119991344-1603665553-1106","IsDeleted":false,"IsACLProtected":false,"ContainedBy":{"ObjectIdentifier":"56504B61-6ADD-408A-A15E-2D9C52D20CBD","ObjectType":"Container"}},{"Properties":{"domain":"DANTE.ADMIN","name":"KRBTGT@DANTE.ADMIN","distinguishedname":"CN=KRBTGT,CN=USERS,DC=DANTE,DC=ADMIN","domainsid":"S-1-5-21-1107894465-4119991344-1603665553","samaccountname":"krbtgt","isaclprotected":true,"sensitive":false,"dontreqpreauth":false,"passwordnotreqd":false,"unconstraineddelegation":false,"pwdneverexpires":false,"enabled":false,"trustedtoauth":false,"lastlogon":-1,"lastlogontimestamp":-1,"pwdlastset":1593679681,"serviceprincipalnames":["kadmin/changepw"],"hasspn":true,"displayname":null,"email":null,"title":null,"homedirectory":null,"userpassword":null,"unixpassword":null,"unicodepassword":null,"sfupassword":null,"logonscript":null,"admincount":false,"sidhistory":[]},"AllowedToDelegate":[],"PrimaryGroupSID":"S-1-5-21-1107894465-4119991344-1603665553-513","HasSIDHistory":[],"SPNTargets":[],"Aces":[{"PrincipalSID":"S-1-5-21-1107894465-4119991344-1603665553-512","PrincipalType":"Group","RightName":"Owns","IsInherited":false,"InheritanceHash":null},{"PrincipalSID":"DANTE.ADMIN-S-1-5-32-544","PrincipalType":"Group","RightName":"WriteDacl","IsInherited":false,"InheritanceHash":""},{"PrincipalSID":"DANTE.ADMIN-S-1-5-32-544","PrincipalType":"Group","RightName":"WriteOwner","IsInherited":false,"InheritanceHash":""},{"PrincipalSID":"DANTE.ADMIN-S-1-5-32-544","PrincipalType":"Group","RightName":"AllExtendedRights","IsInherited":false,"InheritanceHash":""},{"PrincipalSID":"DANTE.ADMIN-S-1-5-32-544","PrincipalType":"Group","RightName":"GenericWrite","IsInherited":false,"InheritanceHash":""},{"PrincipalSID":"S-1-5-21-1107894465-4119991344-1603665553-512","PrincipalType":"Group","RightName":"WriteDacl","IsInherited":false,"InheritanceHash":""},{"PrincipalSID":"S-1-5-21-1107894465-4119991344-1603665553-512","PrincipalType":"Group","RightName":"WriteOwner","IsInherited":false,"InheritanceHash":""},{"PrincipalSID":"S-1-5-21-1107894465-4119991344-1603665553-512","PrincipalType":"Group","RightName":"AllExtendedRights","IsInherited":false,"InheritanceHash":""},{"PrincipalSID":"S-1-5-21-1107894465-4119991344-1603665553-512","PrincipalType":"Group","RightName":"GenericWrite","IsInherited":false,"InheritanceHash":""},{"PrincipalSID":"S-1-5-21-1107894465-4119991344-1603665553-519","PrincipalType":"Group","RightName":"WriteDacl","IsInherited":false,"InheritanceHash":""},{"PrincipalSID":"S-1-5-21-1107894465-4119991344-1603665553-519","PrincipalType":"Group","RightName":"WriteOwner","IsInherited":false,"InheritanceHash":""},{"PrincipalSID":"S-1-5-21-1107894465-4119991344-1603665553-519","PrincipalType":"Group","RightName":"AllExtendedRights","IsInherited":false,"InheritanceHash":""},{"PrincipalSID":"S-1-5-21-1107894465-4119991344-1603665553-519","PrincipalType":"Group","RightName":"GenericWrite","IsInherited":false,"InheritanceHash":""}],"ObjectIdentifier":"S-1-5-21-1107894465-4119991344-1603665553-502","IsDeleted":false,"IsACLProtected":true,"ContainedBy":{"ObjectIdentifier":"56504B61-6ADD-408A-A15E-2D9C52D20CBD","ObjectType":"Container"}},{"Properties":{"name":"IUSR@DANTE.ADMIN","domainsid":"S-1-5-21-1107894465-4119991344-1603665553","domain":"DANTE.ADMIN","reconcile":false},"AllowedToDelegate":[],"PrimaryGroupSID":null,"HasSIDHistory":[],"SPNTargets":[],"Aces":[],"ObjectIdentifier":"DANTE.ADMIN-S-1-5-17","IsDeleted":false,"IsACLProtected":false,"ContainedBy":null}],"meta":{"methods":521215,"type":"users","count":5,"version":6,"collectorversion":"2.5.1.0"}}