{"data":[{"Properties":{"domain":"DANTE.ADMIN","name":"DANTE-DC02.DANTE.ADMIN","distinguishedname":"CN=DANTE-DC02,OU=DOMAIN CONTROLLERS,DC=DANTE,DC=ADMIN","domainsid":"S-1-5-21-1107894465-4119991344-1603665553","samaccountname":"DANTE-DC02$","haslaps":false,"isaclprotected":false,"enabled":true,"unconstraineddelegation":true,"trustedtoauth":false,"isdc":true,"lastlogon":-1,"lastlogontimestamp":1721986504,"pwdlastset":1721986493,"serviceprincipalnames":["Dfsr-12F9A27C-BF97-4787-9364-D31B6C55EB04/DANTE-DC02.DANTE.ADMIN","ldap/DANTE-DC02.DANTE.ADMIN/ForestDnsZones.DANTE.ADMIN","ldap/DANTE-DC02.DANTE.ADMIN/DomainDnsZones.DANTE.ADMIN","DNS/DANTE-DC02.DANTE.ADMIN","GC/DANTE-DC02.DANTE.ADMIN/DANTE.ADMIN","HOST/DANTE-DC02.DANTE.ADMIN/DANTE","HOST/DANTE-DC02.DANTE.ADMIN/DANTE.ADMIN","ldap/DANTE-DC02.DANTE.ADMIN/DANTE","ldap/DANTE-DC02.DANTE.ADMIN","ldap/DANTE-DC02.DANTE.ADMIN/DANTE.ADMIN","RestrictedKrbHost/DANTE-DC02.DANTE.ADMIN","HOST/DANTE-DC02.DANTE.ADMIN","RestrictedKrbHost/DANTE-DC02","HOST/DANTE-DC02/DANTE","HOST/DANTE-DC02","ldap/DANTE-DC02/DANTE","ldap/DANTE-DC02","RPC/29207897-5f1f-46bc-ae54-14cf2b888e53._msdcs.DANTE.ADMIN","E3514235-4B06-11D1-AB04-00C04FC2DCD2/29207897-5f1f-46bc-ae54-14cf2b888e53/DANTE.ADMIN","ldap/29207897-5f1f-46bc-ae54-14cf2b888e53._msdcs.DANTE.ADMIN"],"email":null,"operatingsystem":"Windows Server 2019 Datacenter","sidhistory":[]},"PrimaryGroupSID":"S-1-5-21-1107894465-4119991344-1603665553-516","AllowedToDelegate":[],"AllowedToAct":[],"HasSIDHistory":[],"DumpSMSAPassword":[],"Sessions":{"Results":[],"Collected":false,"FailureReason":"ErrorAccessDenied"},"PrivilegedSessions":{"Results":[],"Collected":false,"FailureReason":"ErrorAccessDenied"},"RegistrySessions":{"Results":[{"UserSID":"S-1-5-21-1107894465-4119991344-1603665553-1106","ComputerSID":"S-1-5-21-1107894465-4119991344-1603665553-1000"}],"Collected":true,"FailureReason":null},"LocalGroups":[{"ObjectIdentifier":"DANTE.ADMIN-S-1-5-32-549","Name":"IGNOREME","Results":[],"LocalNames":[],"Collected":true,"FailureReason":null},{"ObjectIdentifier":"DANTE.ADMIN-S-1-5-32-548","Name":"IGNOREME","Results":[],"LocalNames":[],"Collected":true,"FailureReason":null},{"ObjectIdentifier":"DANTE.ADMIN-S-1-5-32-554","Name":"IGNOREME","Results":[{"ObjectIdentifier":"DANTE.ADMIN-S-1-5-11","ObjectType":"Group"}],"LocalNames":[],"Collected":true,"FailureReason":null},{"ObjectIdentifier":"DANTE.ADMIN-S-1-5-32-557","Name":"IGNOREME","Results":[],"LocalNames":[],"Collected":true,"FailureReason":null},{"ObjectIdentifier":"DANTE.ADMIN-S-1-5-32-560","Name":"IGNOREME","Results":[{"ObjectIdentifier":"DANTE.ADMIN-S-1-5-9","ObjectType":"Group"}],"LocalNames":[],"Collected":true,"FailureReason":null},{"ObjectIdentifier":"DANTE.ADMIN-S-1-5-32-561","Name":"IGNOREME","Results":[],"LocalNames":[],"Collected":true,"FailureReason":null},{"ObjectIdentifier":"DANTE.ADMIN-S-1-5-32-544","Name":"IGNOREME","Results":[{"ObjectIdentifier":"S-1-5-21-1107894465-4119991344-1603665553-500","ObjectType":"User"},{"ObjectIdentifier":"S-1-5-21-1107894465-4119991344-1603665553-519","ObjectType":"Group"},{"ObjectIdentifier":"S-1-5-21-1107894465-4119991344-1603665553-512","ObjectType":"Group"}],"LocalNames":[],"Collected":true,"FailureReason":null},{"ObjectIdentifier":"DANTE.ADMIN-S-1-5-32-545","Name":"IGNOREME","Results":[{"ObjectIdentifier":"DANTE.ADMIN-S-1-5-11","ObjectType":"Group"},{"ObjectIdentifier":"S-1-5-21-1107894465-4119991344-1603665553-513","ObjectType":"Group"}],"LocalNames":[],"Collected":true,"FailureReason":null},{"ObjectIdentifier":"DANTE.ADMIN-S-1-5-32-546","Name":"IGNOREME","Results":[{"ObjectIdentifier":"S-1-5-21-1107894465-4119991344-1603665553-501","ObjectType":"User"},{"ObjectIdentifier":"S-1-5-21-1107894465-4119991344-1603665553-514","ObjectType":"Group"}],"LocalNames":[],"Collected":true,"FailureReason":null},{"ObjectIdentifier":"DANTE.ADMIN-S-1-5-32-550","Name":"IGNOREME","Results":[],"LocalNames":[],"Collected":true,"FailureReason":null},{"ObjectIdentifier":"DANTE.ADMIN-S-1-5-32-551","Name":"IGNOREME","Results":[],"LocalNames":[],"Collected":true,"FailureReason":null},{"ObjectIdentifier":"DANTE.ADMIN-S-1-5-32-552","Name":"IGNOREME","Results":[],"LocalNames":[],"Collected":true,"FailureReason":null},{"ObjectIdentifier":"DANTE.ADMIN-S-1-5-32-555","Name":"IGNOREME","Results":[],"LocalNames":[],"Collected":true,"FailureReason":null},{"ObjectIdentifier":"DANTE.ADMIN-S-1-5-32-556","Name":"IGNOREME","Results":[],"LocalNames":[],"Collected":true,"FailureReason":null},{"ObjectIdentifier":"DANTE.ADMIN-S-1-5-32-558","Name":"IGNOREME","Results":[],"LocalNames":[],"Collected":true,"FailureReason":null},{"ObjectIdentifier":"DANTE.ADMIN-S-1-5-32-559","Name":"IGNOREME","Results":[],"LocalNames":[],"Collected":true,"FailureReason":null},{"ObjectIdentifier":"DANTE.ADMIN-S-1-5-32-562","Name":"IGNOREME","Results":[],"LocalNames":[],"Collected":true,"FailureReason":null},{"ObjectIdentifier":"DANTE.ADMIN-S-1-5-32-568","Name":"IGNOREME","Results":[{"ObjectIdentifier":"DANTE.ADMIN-S-1-5-17","ObjectType":"User"}],"LocalNames":[],"Collected":true,"FailureReason":null},{"ObjectIdentifier":"DANTE.ADMIN-S-1-5-32-569","Name":"IGNOREME","Results":[],"LocalNames":[],"Collected":true,"FailureReason":null},{"ObjectIdentifier":"DANTE.ADMIN-S-1-5-32-573","Name":"IGNOREME","Results":[],"LocalNames":[],"Collected":true,"FailureReason":null},{"ObjectIdentifier":"DANTE.ADMIN-S-1-5-32-574","Name":"IGNOREME","Results":[],"LocalNames":[],"Collected":true,"FailureReason":null},{"ObjectIdentifier":"DANTE.ADMIN-S-1-5-32-575","Name":"IGNOREME","Results":[],"LocalNames":[],"Collected":true,"FailureReason":null},{"ObjectIdentifier":"DANTE.ADMIN-S-1-5-32-576","Name":"IGNOREME","Results":[],"LocalNames":[],"Collected":true,"FailureReason":null},{"ObjectIdentifier":"DANTE.ADMIN-S-1-5-32-577","Name":"IGNOREME","Results":[],"LocalNames":[],"Collected":true,"FailureReason":null},{"ObjectIdentifier":"DANTE.ADMIN-S-1-5-32-578","Name":"IGNOREME","Results":[],"LocalNames":[],"Collected":true,"FailureReason":null},{"ObjectIdentifier":"DANTE.ADMIN-S-1-5-32-579","Name":"IGNOREME","Results":[],"LocalNames":[],"Collected":true,"FailureReason":null},{"ObjectIdentifier":"DANTE.ADMIN-S-1-5-32-580","Name":"IGNOREME","Results":[{"ObjectIdentifier":"S-1-5-21-1107894465-4119991344-1603665553-1106","ObjectType":"User"}],"LocalNames":[],"Collected":true,"FailureReason":null},{"ObjectIdentifier":"DANTE.ADMIN-S-1-5-32-582","Name":"IGNOREME","Results":[],"LocalNames":[],"Collected":true,"FailureReason":null}],"UserRights":[{"Privilege":"SeRemoteInteractiveLogonRight","Results":[],"LocalNames":[],"Collected":false,"FailureReason":"LSAEnumerateAccountsWithUserRights returned StatusAccessDenied"}],"DCRegistryData":{"CertificateMappingMethods":{"Value":0,"Collected":false,"FailureReason":"User does not have the proper permissions to perform this operation"},"StrongCertificateBindingEnforcement":{"Value":0,"Collected":false,"FailureReason":"User does not have the proper permissions to perform this operation"}},"Status":null,"IsDC":true,"DomainSID":"S-1-5-21-1107894465-4119991344-1603665553","Aces":[{"PrincipalSID":"S-1-5-21-1107894465-4119991344-1603665553-512","PrincipalType":"Group","RightName":"Owns","IsInherited":false,"InheritanceHash":null},{"PrincipalSID":"S-1-5-21-1107894465-4119991344-1603665553-512","PrincipalType":"Group","RightName":"GenericAll","IsInherited":false,"InheritanceHash":""},{"PrincipalSID":"S-1-5-21-1107894465-4119991344-1603665553-512","PrincipalType":"Group","RightName":"WriteAccountRestrictions","IsInherited":false,"InheritanceHash":""},{"PrincipalSID":"S-1-5-21-1107894465-4119991344-1603665553-526","PrincipalType":"Group","RightName":"AddKeyCredentialLink","IsInherited":true,"InheritanceHash":"273c60fc8cade45a7332fdf3ad755a9c"},{"PrincipalSID":"S-1-5-21-1107894465-4119991344-1603665553-527","PrincipalType":"Group","RightName":"AddKeyCredentialLink","IsInherited":true,"InheritanceHash":"30820001dc97cabda2dc8a86d8d1c6d3"},{"PrincipalSID":"S-1-5-21-1107894465-4119991344-1603665553-519","PrincipalType":"Group","RightName":"GenericAll","IsInherited":true,"InheritanceHash":"39470d587c915e2c46f392584978c5a1"},{"PrincipalSID":"DANTE.ADMIN-S-1-5-32-544","PrincipalType":"Group","RightName":"WriteDacl","IsInherited":true,"InheritanceHash":"46b66b0abd4e73f940c5acadaf59fd61"},{"PrincipalSID":"DANTE.ADMIN-S-1-5-32-544","PrincipalType":"Group","RightName":"WriteOwner","IsInherited":true,"InheritanceHash":"46b66b0abd4e73f940c5acadaf59fd61"},{"PrincipalSID":"DANTE.ADMIN-S-1-5-32-544","PrincipalType":"Group","RightName":"GenericWrite","IsInherited":true,"InheritanceHash":"46b66b0abd4e73f940c5acadaf59fd61"}],"ObjectIdentifier":"S-1-5-21-1107894465-4119991344-1603665553-1000","IsDeleted":false,"IsACLProtected":false,"ContainedBy":{"ObjectIdentifier":"7A9D878E-B1F9-4C50-8BA6-B1A7A451F5E2","ObjectType":"OU"}}],"meta":{"methods":521215,"type":"computers","count":1,"version":6,"collectorversion":"2.5.1.0"}}