{"data":[{"Properties":{"domain":"DANTE.ADMIN","name":"DEFAULT DOMAIN POLICY@DANTE.ADMIN","distinguishedname":"CN={31B2F340-016D-11D2-945F-00C04FB984F9},CN=POLICIES,CN=SYSTEM,DC=DANTE,DC=ADMIN","domainsid":"S-1-5-21-1107894465-4119991344-1603665553","isaclprotected":true,"gpcpath":""},"Aces":[{"PrincipalSID":"S-1-5-21-1107894465-4119991344-1603665553-512","PrincipalType":"Group","RightName":"Owns","IsInherited":false,"InheritanceHash":null},{"PrincipalSID":"S-1-5-21-1107894465-4119991344-1603665553-512","PrincipalType":"Group","RightName":"WriteDacl","IsInherited":false,"InheritanceHash":""},{"PrincipalSID":"S-1-5-21-1107894465-4119991344-1603665553-512","PrincipalType":"Group","RightName":"WriteOwner","IsInherited":false,"InheritanceHash":""},{"PrincipalSID":"S-1-5-21-1107894465-4119991344-1603665553-512","PrincipalType":"Group","RightName":"GenericWrite","IsInherited":false,"InheritanceHash":""},{"PrincipalSID":"S-1-5-21-1107894465-4119991344-1603665553-512","PrincipalType":"Group","RightName":"WriteDacl","IsInherited":false,"InheritanceHash":""},{"PrincipalSID":"S-1-5-21-1107894465-4119991344-1603665553-512","PrincipalType":"Group","RightName":"WriteOwner","IsInherited":false,"InheritanceHash":""},{"PrincipalSID":"S-1-5-21-1107894465-4119991344-1603665553-512","PrincipalType":"Group","RightName":"GenericWrite","IsInherited":false,"InheritanceHash":""},{"PrincipalSID":"S-1-5-21-1107894465-4119991344-1603665553-519","PrincipalType":"Group","RightName":"WriteDacl","IsInherited":false,"InheritanceHash":""},{"PrincipalSID":"S-1-5-21-1107894465-4119991344-1603665553-519","PrincipalType":"Group","RightName":"WriteOwner","IsInherited":false,"InheritanceHash":""},{"PrincipalSID":"S-1-5-21-1107894465-4119991344-1603665553-519","PrincipalType":"Group","RightName":"GenericWrite","IsInherited":false,"InheritanceHash":""}],"ObjectIdentifier":"4590272C-833E-49BE-95A5-C58C7F61C603","IsDeleted":false,"IsACLProtected":true,"ContainedBy":null},{"Properties":{"domain":"DANTE.ADMIN","name":"DEFAULT DOMAIN CONTROLLERS POLICY@DANTE.ADMIN","distinguishedname":"CN={6AC1786C-016F-11D2-945F-00C04FB984F9},CN=POLICIES,CN=SYSTEM,DC=DANTE,DC=ADMIN","domainsid":"S-1-5-21-1107894465-4119991344-1603665553","isaclprotected":true,"gpcpath":""},"Aces":[{"PrincipalSID":"S-1-5-21-1107894465-4119991344-1603665553-512","PrincipalType":"Group","RightName":"Owns","IsInherited":false,"InheritanceHash":null},{"PrincipalSID":"S-1-5-21-1107894465-4119991344-1603665553-512","PrincipalType":"Group","RightName":"WriteDacl","IsInherited":false,"InheritanceHash":""},{"PrincipalSID":"S-1-5-21-1107894465-4119991344-1603665553-512","PrincipalType":"Group","RightName":"WriteOwner","IsInherited":false,"InheritanceHash":""},{"PrincipalSID":"S-1-5-21-1107894465-4119991344-1603665553-512","PrincipalType":"Group","RightName":"GenericWrite","IsInherited":false,"InheritanceHash":""},{"PrincipalSID":"S-1-5-21-1107894465-4119991344-1603665553-512","PrincipalType":"Group","RightName":"WriteDacl","IsInherited":false,"InheritanceHash":""},{"PrincipalSID":"S-1-5-21-1107894465-4119991344-1603665553-512","PrincipalType":"Group","RightName":"WriteOwner","IsInherited":false,"InheritanceHash":""},{"PrincipalSID":"S-1-5-21-1107894465-4119991344-1603665553-512","PrincipalType":"Group","RightName":"GenericWrite","IsInherited":false,"InheritanceHash":""},{"PrincipalSID":"S-1-5-21-1107894465-4119991344-1603665553-519","PrincipalType":"Group","RightName":"WriteDacl","IsInherited":false,"InheritanceHash":""},{"PrincipalSID":"S-1-5-21-1107894465-4119991344-1603665553-519","PrincipalType":"Group","RightName":"WriteOwner","IsInherited":false,"InheritanceHash":""},{"PrincipalSID":"S-1-5-21-1107894465-4119991344-1603665553-519","PrincipalType":"Group","RightName":"GenericWrite","IsInherited":false,"InheritanceHash":""}],"ObjectIdentifier":"E1944E80-9484-4668-9474-E8CC3A9D91FA","IsDeleted":false,"IsACLProtected":true,"ContainedBy":null},{"Properties":{"domain":"DANTE.ADMIN","name":"ENBALE WINRM@DANTE.ADMIN","distinguishedname":"CN={3D5E8755-378F-46F4-8F87-BD2C97E8631D},CN=POLICIES,CN=SYSTEM,DC=DANTE,DC=ADMIN","domainsid":"S-1-5-21-1107894465-4119991344-1603665553","isaclprotected":true,"gpcpath":""},"Aces":[{"PrincipalSID":"S-1-5-21-1107894465-4119991344-1603665553-512","PrincipalType":"Group","RightName":"Owns","IsInherited":false,"InheritanceHash":null},{"PrincipalSID":"S-1-5-21-1107894465-4119991344-1603665553-512","PrincipalType":"Group","RightName":"WriteDacl","IsInherited":false,"InheritanceHash":""},{"PrincipalSID":"S-1-5-21-1107894465-4119991344-1603665553-512","PrincipalType":"Group","RightName":"WriteOwner","IsInherited":false,"InheritanceHash":""},{"PrincipalSID":"S-1-5-21-1107894465-4119991344-1603665553-512","PrincipalType":"Group","RightName":"GenericWrite","IsInherited":false,"InheritanceHash":""},{"PrincipalSID":"S-1-5-21-1107894465-4119991344-1603665553-519","PrincipalType":"Group","RightName":"WriteDacl","IsInherited":false,"InheritanceHash":""},{"PrincipalSID":"S-1-5-21-1107894465-4119991344-1603665553-519","PrincipalType":"Group","RightName":"WriteOwner","IsInherited":false,"InheritanceHash":""},{"PrincipalSID":"S-1-5-21-1107894465-4119991344-1603665553-519","PrincipalType":"Group","RightName":"GenericWrite","IsInherited":false,"InheritanceHash":""}],"ObjectIdentifier":"23E71B83-4ED2-4D75-AB74-B03DD3AD0868","IsDeleted":false,"IsACLProtected":true,"ContainedBy":null},{"Properties":{"domain":"DANTE.ADMIN","name":"DEFAULT DOMAIN POLICY@DANTE.ADMIN","distinguishedname":"CN={31B2F340-016D-11D2-945F-00C04FB984F9},CN=POLICIES,CN=SYSTEM,DC=DANTE,DC=ADMIN","domainsid":"S-1-5-21-1107894465-4119991344-1603665553","isaclprotected":true,"gpcpath":""},"Aces":[{"PrincipalSID":"S-1-5-21-1107894465-4119991344-1603665553-512","PrincipalType":"Group","RightName":"Owns","IsInherited":false,"InheritanceHash":null},{"PrincipalSID":"S-1-5-21-1107894465-4119991344-1603665553-512","PrincipalType":"Group","RightName":"WriteDacl","IsInherited":false,"InheritanceHash":""},{"PrincipalSID":"S-1-5-21-1107894465-4119991344-1603665553-512","PrincipalType":"Group","RightName":"WriteOwner","IsInherited":false,"InheritanceHash":""},{"PrincipalSID":"S-1-5-21-1107894465-4119991344-1603665553-512","PrincipalType":"Group","RightName":"GenericWrite","IsInherited":false,"InheritanceHash":""},{"PrincipalSID":"S-1-5-21-1107894465-4119991344-1603665553-512","PrincipalType":"Group","RightName":"WriteDacl","IsInherited":false,"InheritanceHash":""},{"PrincipalSID":"S-1-5-21-1107894465-4119991344-1603665553-512","PrincipalType":"Group","RightName":"WriteOwner","IsInherited":false,"InheritanceHash":""},{"PrincipalSID":"S-1-5-21-1107894465-4119991344-1603665553-512","PrincipalType":"Group","RightName":"GenericWrite","IsInherited":false,"InheritanceHash":""},{"PrincipalSID":"S-1-5-21-1107894465-4119991344-1603665553-519","PrincipalType":"Group","RightName":"WriteDacl","IsInherited":false,"InheritanceHash":""},{"PrincipalSID":"S-1-5-21-1107894465-4119991344-1603665553-519","PrincipalType":"Group","RightName":"WriteOwner","IsInherited":false,"InheritanceHash":""},{"PrincipalSID":"S-1-5-21-1107894465-4119991344-1603665553-519","PrincipalType":"Group","RightName":"GenericWrite","IsInherited":false,"InheritanceHash":""}],"ObjectIdentifier":"4590272C-833E-49BE-95A5-C58C7F61C603","IsDeleted":false,"IsACLProtected":true,"ContainedBy":null},{"Properties":{"domain":"DANTE.ADMIN","name":"ENBALE WINRM@DANTE.ADMIN","distinguishedname":"CN={3D5E8755-378F-46F4-8F87-BD2C97E8631D},CN=POLICIES,CN=SYSTEM,DC=DANTE,DC=ADMIN","domainsid":"S-1-5-21-1107894465-4119991344-1603665553","isaclprotected":true,"gpcpath":""},"Aces":[{"PrincipalSID":"S-1-5-21-1107894465-4119991344-1603665553-512","PrincipalType":"Group","RightName":"Owns","IsInherited":false,"InheritanceHash":null},{"PrincipalSID":"S-1-5-21-1107894465-4119991344-1603665553-512","PrincipalType":"Group","RightName":"WriteDacl","IsInherited":false,"InheritanceHash":""},{"PrincipalSID":"S-1-5-21-1107894465-4119991344-1603665553-512","PrincipalType":"Group","RightName":"WriteOwner","IsInherited":false,"InheritanceHash":""},{"PrincipalSID":"S-1-5-21-1107894465-4119991344-1603665553-512","PrincipalType":"Group","RightName":"GenericWrite","IsInherited":false,"InheritanceHash":""},{"PrincipalSID":"S-1-5-21-1107894465-4119991344-1603665553-519","PrincipalType":"Group","RightName":"WriteDacl","IsInherited":false,"InheritanceHash":""},{"PrincipalSID":"S-1-5-21-1107894465-4119991344-1603665553-519","PrincipalType":"Group","RightName":"WriteOwner","IsInherited":false,"InheritanceHash":""},{"PrincipalSID":"S-1-5-21-1107894465-4119991344-1603665553-519","PrincipalType":"Group","RightName":"GenericWrite","IsInherited":false,"InheritanceHash":""}],"ObjectIdentifier":"23E71B83-4ED2-4D75-AB74-B03DD3AD0868","IsDeleted":false,"IsACLProtected":true,"ContainedBy":null},{"Properties":{"domain":"DANTE.ADMIN","name":"DEFAULT DOMAIN CONTROLLERS POLICY@DANTE.ADMIN","distinguishedname":"CN={6AC1786C-016F-11D2-945F-00C04FB984F9},CN=POLICIES,CN=SYSTEM,DC=DANTE,DC=ADMIN","domainsid":"S-1-5-21-1107894465-4119991344-1603665553","isaclprotected":true,"gpcpath":""},"Aces":[{"PrincipalSID":"S-1-5-21-1107894465-4119991344-1603665553-512","PrincipalType":"Group","RightName":"Owns","IsInherited":false,"InheritanceHash":null},{"PrincipalSID":"S-1-5-21-1107894465-4119991344-1603665553-512","PrincipalType":"Group","RightName":"WriteDacl","IsInherited":false,"InheritanceHash":""},{"PrincipalSID":"S-1-5-21-1107894465-4119991344-1603665553-512","PrincipalType":"Group","RightName":"WriteOwner","IsInherited":false,"InheritanceHash":""},{"PrincipalSID":"S-1-5-21-1107894465-4119991344-1603665553-512","PrincipalType":"Group","RightName":"GenericWrite","IsInherited":false,"InheritanceHash":""},{"PrincipalSID":"S-1-5-21-1107894465-4119991344-1603665553-512","PrincipalType":"Group","RightName":"WriteDacl","IsInherited":false,"InheritanceHash":""},{"PrincipalSID":"S-1-5-21-1107894465-4119991344-1603665553-512","PrincipalType":"Group","RightName":"WriteOwner","IsInherited":false,"InheritanceHash":""},{"PrincipalSID":"S-1-5-21-1107894465-4119991344-1603665553-512","PrincipalType":"Group","RightName":"GenericWrite","IsInherited":false,"InheritanceHash":""},{"PrincipalSID":"S-1-5-21-1107894465-4119991344-1603665553-519","PrincipalType":"Group","RightName":"WriteDacl","IsInherited":false,"InheritanceHash":""},{"PrincipalSID":"S-1-5-21-1107894465-4119991344-1603665553-519","PrincipalType":"Group","RightName":"WriteOwner","IsInherited":false,"InheritanceHash":""},{"PrincipalSID":"S-1-5-21-1107894465-4119991344-1603665553-519","PrincipalType":"Group","RightName":"GenericWrite","IsInherited":false,"InheritanceHash":""}],"ObjectIdentifier":"E1944E80-9484-4668-9474-E8CC3A9D91FA","IsDeleted":false,"IsACLProtected":true,"ContainedBy":null}],"meta":{"methods":521215,"type":"gpos","count":6,"version":6,"collectorversion":"2.5.1.0"}}