{"data":[{"GPOChanges":{"LocalAdmins":[],"RemoteDesktopUsers":[],"DcomUsers":[],"PSRemoteUsers":[],"AffectedComputers":[{"ObjectIdentifier":"S-1-5-21-1107894465-4119991344-1603665553-1000","ObjectType":"Computer"}]},"Properties":{"domain":"DANTE.ADMIN","name":"DOMAIN CONTROLLERS@DANTE.ADMIN","distinguishedname":"OU=DOMAIN CONTROLLERS,DC=DANTE,DC=ADMIN","domainsid":"S-1-5-21-1107894465-4119991344-1603665553","isaclprotected":false,"blocksinheritance":false},"Links":[{"IsEnforced":false,"GUID":"E1944E80-9484-4668-9474-E8CC3A9D91FA"}],"ChildObjects":[],"InheritanceHashes":[],"Aces":[{"PrincipalSID":"S-1-5-21-1107894465-4119991344-1603665553-512","PrincipalType":"Group","RightName":"Owns","IsInherited":false,"InheritanceHash":null},{"PrincipalSID":"S-1-5-21-1107894465-4119991344-1603665553-512","PrincipalType":"Group","RightName":"WriteDacl","IsInherited":false,"InheritanceHash":""},{"PrincipalSID":"S-1-5-21-1107894465-4119991344-1603665553-512","PrincipalType":"Group","RightName":"WriteOwner","IsInherited":false,"InheritanceHash":""},{"PrincipalSID":"S-1-5-21-1107894465-4119991344-1603665553-519","PrincipalType":"Group","RightName":"GenericAll","IsInherited":true,"InheritanceHash":"39470d587c915e2c46f392584978c5a1"},{"PrincipalSID":"DANTE.ADMIN-S-1-5-32-544","PrincipalType":"Group","RightName":"WriteDacl","IsInherited":true,"InheritanceHash":"46b66b0abd4e73f940c5acadaf59fd61"},{"PrincipalSID":"DANTE.ADMIN-S-1-5-32-544","PrincipalType":"Group","RightName":"WriteOwner","IsInherited":true,"InheritanceHash":"46b66b0abd4e73f940c5acadaf59fd61"}],"ObjectIdentifier":"7A9D878E-B1F9-4C50-8BA6-B1A7A451F5E2","IsDeleted":false,"IsACLProtected":false,"ContainedBy":{"ObjectIdentifier":"S-1-5-21-1107894465-4119991344-1603665553","ObjectType":"Domain"}}],"meta":{"methods":521215,"type":"ous","count":1,"version":6,"collectorversion":"2.5.1.0"}}