{"data":[{"Properties":{"domain":"DANTE.ADMIN","name":"ADMINISTRATORS@DANTE.ADMIN","distinguishedname":"CN=ADMINISTRATORS,CN=BUILTIN,DC=DANTE,DC=ADMIN","domainsid":"S-1-5-21-1107894465-4119991344-1603665553","samaccountname":"Administrators","isaclprotected":true,"admincount":false},"Members":[{"ObjectIdentifier":"S-1-5-21-1107894465-4119991344-1603665553-512","ObjectType":"Group"},{"ObjectIdentifier":"S-1-5-21-1107894465-4119991344-1603665553-519","ObjectType":"Group"},{"ObjectIdentifier":"S-1-5-21-1107894465-4119991344-1603665553-500","ObjectType":"User"}],"Aces":[{"PrincipalSID":"S-1-5-21-1107894465-4119991344-1603665553-512","PrincipalType":"Group","RightName":"Owns","IsInherited":false,"InheritanceHash":null},{"PrincipalSID":"DANTE.ADMIN-S-1-5-32-544","PrincipalType":"Group","RightName":"WriteDacl","IsInherited":false,"InheritanceHash":""},{"PrincipalSID":"DANTE.ADMIN-S-1-5-32-544","PrincipalType":"Group","RightName":"WriteOwner","IsInherited":false,"InheritanceHash":""},{"PrincipalSID":"DANTE.ADMIN-S-1-5-32-544","PrincipalType":"Group","RightName":"GenericWrite","IsInherited":false,"InheritanceHash":""},{"PrincipalSID":"S-1-5-21-1107894465-4119991344-1603665553-512","PrincipalType":"Group","RightName":"WriteDacl","IsInherited":false,"InheritanceHash":""},{"PrincipalSID":"S-1-5-21-1107894465-4119991344-1603665553-512","PrincipalType":"Group","RightName":"WriteOwner","IsInherited":false,"InheritanceHash":""},{"PrincipalSID":"S-1-5-21-1107894465-4119991344-1603665553-512","PrincipalType":"Group","RightName":"GenericWrite","IsInherited":false,"InheritanceHash":""},{"PrincipalSID":"S-1-5-21-1107894465-4119991344-1603665553-519","PrincipalType":"Group","RightName":"WriteDacl","IsInherited":false,"InheritanceHash":""},{"PrincipalSID":"S-1-5-21-1107894465-4119991344-1603665553-519","PrincipalType":"Group","RightName":"WriteOwner","IsInherited":false,"InheritanceHash":""},{"PrincipalSID":"S-1-5-21-1107894465-4119991344-1603665553-519","PrincipalType":"Group","RightName":"GenericWrite","IsInherited":false,"InheritanceHash":""}],"ObjectIdentifier":"DANTE.ADMIN-S-1-5-32-544","IsDeleted":false,"IsACLProtected":true,"ContainedBy":{"ObjectIdentifier":"S-1-5-21-1107894465-4119991344-1603665553","ObjectType":"Domain"}},{"Properties":{"domain":"DANTE.ADMIN","name":"GUESTS@DANTE.ADMIN","distinguishedname":"CN=GUESTS,CN=BUILTIN,DC=DANTE,DC=ADMIN","domainsid":"S-1-5-21-1107894465-4119991344-1603665553","samaccountname":"Guests","isaclprotected":false,"admincount":false},"Members":[{"ObjectIdentifier":"S-1-5-21-1107894465-4119991344-1603665553-514","ObjectType":"Group"},{"ObjectIdentifier":"S-1-5-21-1107894465-4119991344-1603665553-501","ObjectType":"User"}],"Aces":[{"PrincipalSID":"DANTE.ADMIN-S-1-5-32-544","PrincipalType":"Group","RightName":"Owns","IsInherited":false,"InheritanceHash":null},{"PrincipalSID":"DANTE.ADMIN-S-1-5-32-548","PrincipalType":"Group","RightName":"GenericAll","IsInherited":false,"InheritanceHash":""},{"PrincipalSID":"S-1-5-21-1107894465-4119991344-1603665553-512","PrincipalType":"Group","RightName":"GenericAll","IsInherited":false,"InheritanceHash":""},{"PrincipalSID":"S-1-5-21-1107894465-4119991344-1603665553-519","PrincipalType":"Group","RightName":"GenericAll","IsInherited":true,"InheritanceHash":"39470d587c915e2c46f392584978c5a1"},{"PrincipalSID":"DANTE.ADMIN-S-1-5-32-544","PrincipalType":"Group","RightName":"WriteDacl","IsInherited":true,"InheritanceHash":"46b66b0abd4e73f940c5acadaf59fd61"},{"PrincipalSID":"DANTE.ADMIN-S-1-5-32-544","PrincipalType":"Group","RightName":"WriteOwner","IsInherited":true,"InheritanceHash":"46b66b0abd4e73f940c5acadaf59fd61"},{"PrincipalSID":"DANTE.ADMIN-S-1-5-32-544","PrincipalType":"Group","RightName":"GenericWrite","IsInherited":true,"InheritanceHash":"46b66b0abd4e73f940c5acadaf59fd61"}],"ObjectIdentifier":"DANTE.ADMIN-S-1-5-32-546","IsDeleted":false,"IsACLProtected":false,"ContainedBy":{"ObjectIdentifier":"S-1-5-21-1107894465-4119991344-1603665553","ObjectType":"Domain"}},{"Properties":{"domain":"DANTE.ADMIN","name":"USERS@DANTE.ADMIN","distinguishedname":"CN=USERS,CN=BUILTIN,DC=DANTE,DC=ADMIN","domainsid":"S-1-5-21-1107894465-4119991344-1603665553","samaccountname":"Users","isaclprotected":false,"admincount":false},"Members":[{"ObjectIdentifier":"S-1-5-21-1107894465-4119991344-1603665553-513","ObjectType":"Group"},{"ObjectIdentifier":"DANTE.ADMIN-S-1-5-11","ObjectType":"Group"},{"ObjectIdentifier":"DANTE.ADMIN-S-1-5-4","ObjectType":"Group"}],"Aces":[{"PrincipalSID":"DANTE.ADMIN-S-1-5-32-544","PrincipalType":"Group","RightName":"Owns","IsInherited":false,"InheritanceHash":null},{"PrincipalSID":"DANTE.ADMIN-S-1-5-32-548","PrincipalType":"Group","RightName":"GenericAll","IsInherited":false,"InheritanceHash":""},{"PrincipalSID":"S-1-5-21-1107894465-4119991344-1603665553-512","PrincipalType":"Group","RightName":"GenericAll","IsInherited":false,"InheritanceHash":""},{"PrincipalSID":"S-1-5-21-1107894465-4119991344-1603665553-519","PrincipalType":"Group","RightName":"GenericAll","IsInherited":true,"InheritanceHash":"39470d587c915e2c46f392584978c5a1"},{"PrincipalSID":"DANTE.ADMIN-S-1-5-32-544","PrincipalType":"Group","RightName":"WriteDacl","IsInherited":true,"InheritanceHash":"46b66b0abd4e73f940c5acadaf59fd61"},{"PrincipalSID":"DANTE.ADMIN-S-1-5-32-544","PrincipalType":"Group","RightName":"WriteOwner","IsInherited":true,"InheritanceHash":"46b66b0abd4e73f940c5acadaf59fd61"},{"PrincipalSID":"DANTE.ADMIN-S-1-5-32-544","PrincipalType":"Group","RightName":"GenericWrite","IsInherited":true,"InheritanceHash":"46b66b0abd4e73f940c5acadaf59fd61"}],"ObjectIdentifier":"DANTE.ADMIN-S-1-5-32-545","IsDeleted":false,"IsACLProtected":false,"ContainedBy":{"ObjectIdentifier":"S-1-5-21-1107894465-4119991344-1603665553","ObjectType":"Domain"}},{"Properties":{"domain":"DANTE.ADMIN","name":"BACKUP OPERATORS@DANTE.ADMIN","distinguishedname":"CN=BACKUP OPERATORS,CN=BUILTIN,DC=DANTE,DC=ADMIN","domainsid":"S-1-5-21-1107894465-4119991344-1603665553","samaccountname":"Backup Operators","isaclprotected":true,"admincount":false},"Members":[],"Aces":[{"PrincipalSID":"S-1-5-21-1107894465-4119991344-1603665553-512","PrincipalType":"Group","RightName":"Owns","IsInherited":false,"InheritanceHash":null},{"PrincipalSID":"DANTE.ADMIN-S-1-5-32-544","PrincipalType":"Group","RightName":"WriteDacl","IsInherited":false,"InheritanceHash":""},{"PrincipalSID":"DANTE.ADMIN-S-1-5-32-544","PrincipalType":"Group","RightName":"WriteOwner","IsInherited":false,"InheritanceHash":""},{"PrincipalSID":"DANTE.ADMIN-S-1-5-32-544","PrincipalType":"Group","RightName":"GenericWrite","IsInherited":false,"InheritanceHash":""},{"PrincipalSID":"S-1-5-21-1107894465-4119991344-1603665553-512","PrincipalType":"Group","RightName":"WriteDacl","IsInherited":false,"InheritanceHash":""},{"PrincipalSID":"S-1-5-21-1107894465-4119991344-1603665553-512","PrincipalType":"Group","RightName":"WriteOwner","IsInherited":false,"InheritanceHash":""},{"PrincipalSID":"S-1-5-21-1107894465-4119991344-1603665553-512","PrincipalType":"Group","RightName":"GenericWrite","IsInherited":false,"InheritanceHash":""},{"PrincipalSID":"S-1-5-21-1107894465-4119991344-1603665553-519","PrincipalType":"Group","RightName":"WriteDacl","IsInherited":false,"InheritanceHash":""},{"PrincipalSID":"S-1-5-21-1107894465-4119991344-1603665553-519","PrincipalType":"Group","RightName":"WriteOwner","IsInherited":false,"InheritanceHash":""},{"PrincipalSID":"S-1-5-21-1107894465-4119991344-1603665553-519","PrincipalType":"Group","RightName":"GenericWrite","IsInherited":false,"InheritanceHash":""}],"ObjectIdentifier":"DANTE.ADMIN-S-1-5-32-551","IsDeleted":false,"IsACLProtected":true,"ContainedBy":{"ObjectIdentifier":"S-1-5-21-1107894465-4119991344-1603665553","ObjectType":"Domain"}},{"Properties":{"domain":"DANTE.ADMIN","name":"PRINT OPERATORS@DANTE.ADMIN","distinguishedname":"CN=PRINT OPERATORS,CN=BUILTIN,DC=DANTE,DC=ADMIN","domainsid":"S-1-5-21-1107894465-4119991344-1603665553","samaccountname":"Print Operators","isaclprotected":true,"admincount":false},"Members":[],"Aces":[{"PrincipalSID":"S-1-5-21-1107894465-4119991344-1603665553-512","PrincipalType":"Group","RightName":"Owns","IsInherited":false,"InheritanceHash":null},{"PrincipalSID":"DANTE.ADMIN-S-1-5-32-544","PrincipalType":"Group","RightName":"WriteDacl","IsInherited":false,"InheritanceHash":""},{"PrincipalSID":"DANTE.ADMIN-S-1-5-32-544","PrincipalType":"Group","RightName":"WriteOwner","IsInherited":false,"InheritanceHash":""},{"PrincipalSID":"DANTE.ADMIN-S-1-5-32-544","PrincipalType":"Group","RightName":"GenericWrite","IsInherited":false,"InheritanceHash":""},{"PrincipalSID":"S-1-5-21-1107894465-4119991344-1603665553-512","PrincipalType":"Group","RightName":"WriteDacl","IsInherited":false,"InheritanceHash":""},{"PrincipalSID":"S-1-5-21-1107894465-4119991344-1603665553-512","PrincipalType":"Group","RightName":"WriteOwner","IsInherited":false,"InheritanceHash":""},{"PrincipalSID":"S-1-5-21-1107894465-4119991344-1603665553-512","PrincipalType":"Group","RightName":"GenericWrite","IsInherited":false,"InheritanceHash":""},{"PrincipalSID":"S-1-5-21-1107894465-4119991344-1603665553-519","PrincipalType":"Group","RightName":"WriteDacl","IsInherited":false,"InheritanceHash":""},{"PrincipalSID":"S-1-5-21-1107894465-4119991344-1603665553-519","PrincipalType":"Group","RightName":"WriteOwner","IsInherited":false,"InheritanceHash":""},{"PrincipalSID":"S-1-5-21-1107894465-4119991344-1603665553-519","PrincipalType":"Group","RightName":"GenericWrite","IsInherited":false,"InheritanceHash":""}],"ObjectIdentifier":"DANTE.ADMIN-S-1-5-32-550","IsDeleted":false,"IsACLProtected":true,"ContainedBy":{"ObjectIdentifier":"S-1-5-21-1107894465-4119991344-1603665553","ObjectType":"Domain"}},{"Properties":{"domain":"DANTE.ADMIN","name":"REPLICATORS@DANTE.ADMIN","distinguishedname":"CN=REPLICATOR,CN=BUILTIN,DC=DANTE,DC=ADMIN","domainsid":"S-1-5-21-1107894465-4119991344-1603665553","samaccountname":"Replicator","isaclprotected":true,"admincount":false},"Members":[],"Aces":[{"PrincipalSID":"S-1-5-21-1107894465-4119991344-1603665553-512","PrincipalType":"Group","RightName":"Owns","IsInherited":false,"InheritanceHash":null},{"PrincipalSID":"DANTE.ADMIN-S-1-5-32-544","PrincipalType":"Group","RightName":"WriteDacl","IsInherited":false,"InheritanceHash":""},{"PrincipalSID":"DANTE.ADMIN-S-1-5-32-544","PrincipalType":"Group","RightName":"WriteOwner","IsInherited":false,"InheritanceHash":""},{"PrincipalSID":"DANTE.ADMIN-S-1-5-32-544","PrincipalType":"Group","RightName":"GenericWrite","IsInherited":false,"InheritanceHash":""},{"PrincipalSID":"S-1-5-21-1107894465-4119991344-1603665553-512","PrincipalType":"Group","RightName":"WriteDacl","IsInherited":false,"InheritanceHash":""},{"PrincipalSID":"S-1-5-21-1107894465-4119991344-1603665553-512","PrincipalType":"Group","RightName":"WriteOwner","IsInherited":false,"InheritanceHash":""},{"PrincipalSID":"S-1-5-21-1107894465-4119991344-1603665553-512","PrincipalType":"Group","RightName":"GenericWrite","IsInherited":false,"InheritanceHash":""},{"PrincipalSID":"S-1-5-21-1107894465-4119991344-1603665553-519","PrincipalType":"Group","RightName":"WriteDacl","IsInherited":false,"InheritanceHash":""},{"PrincipalSID":"S-1-5-21-1107894465-4119991344-1603665553-519","PrincipalType":"Group","RightName":"WriteOwner","IsInherited":false,"InheritanceHash":""},{"PrincipalSID":"S-1-5-21-1107894465-4119991344-1603665553-519","PrincipalType":"Group","RightName":"GenericWrite","IsInherited":false,"InheritanceHash":""}],"ObjectIdentifier":"DANTE.ADMIN-S-1-5-32-552","IsDeleted":false,"IsACLProtected":true,"ContainedBy":{"ObjectIdentifier":"S-1-5-21-1107894465-4119991344-1603665553","ObjectType":"Domain"}},{"Properties":{"domain":"DANTE.ADMIN","name":"REMOTE DESKTOP USERS@DANTE.ADMIN","distinguishedname":"CN=REMOTE DESKTOP USERS,CN=BUILTIN,DC=DANTE,DC=ADMIN","domainsid":"S-1-5-21-1107894465-4119991344-1603665553","samaccountname":"Remote Desktop Users","isaclprotected":false,"admincount":false},"Members":[],"Aces":[{"PrincipalSID":"DANTE.ADMIN-S-1-5-32-544","PrincipalType":"Group","RightName":"Owns","IsInherited":false,"InheritanceHash":null},{"PrincipalSID":"DANTE.ADMIN-S-1-5-32-548","PrincipalType":"Group","RightName":"GenericAll","IsInherited":false,"InheritanceHash":""},{"PrincipalSID":"S-1-5-21-1107894465-4119991344-1603665553-512","PrincipalType":"Group","RightName":"GenericAll","IsInherited":false,"InheritanceHash":""},{"PrincipalSID":"S-1-5-21-1107894465-4119991344-1603665553-519","PrincipalType":"Group","RightName":"GenericAll","IsInherited":true,"InheritanceHash":"39470d587c915e2c46f392584978c5a1"},{"PrincipalSID":"DANTE.ADMIN-S-1-5-32-544","PrincipalType":"Group","RightName":"WriteDacl","IsInherited":true,"InheritanceHash":"46b66b0abd4e73f940c5acadaf59fd61"},{"PrincipalSID":"DANTE.ADMIN-S-1-5-32-544","PrincipalType":"Group","RightName":"WriteOwner","IsInherited":true,"InheritanceHash":"46b66b0abd4e73f940c5acadaf59fd61"},{"PrincipalSID":"DANTE.ADMIN-S-1-5-32-544","PrincipalType":"Group","RightName":"GenericWrite","IsInherited":true,"InheritanceHash":"46b66b0abd4e73f940c5acadaf59fd61"}],"ObjectIdentifier":"DANTE.ADMIN-S-1-5-32-555","IsDeleted":false,"IsACLProtected":false,"ContainedBy":{"ObjectIdentifier":"S-1-5-21-1107894465-4119991344-1603665553","ObjectType":"Domain"}},{"Properties":{"domain":"DANTE.ADMIN","name":"NETWORK CONFIGURATION OPERATORS@DANTE.ADMIN","distinguishedname":"CN=NETWORK CONFIGURATION OPERATORS,CN=BUILTIN,DC=DANTE,DC=ADMIN","domainsid":"S-1-5-21-1107894465-4119991344-1603665553","samaccountname":"Network Configuration Operators","isaclprotected":false,"admincount":false},"Members":[],"Aces":[{"PrincipalSID":"DANTE.ADMIN-S-1-5-32-544","PrincipalType":"Group","RightName":"Owns","IsInherited":false,"InheritanceHash":null},{"PrincipalSID":"DANTE.ADMIN-S-1-5-32-548","PrincipalType":"Group","RightName":"GenericAll","IsInherited":false,"InheritanceHash":""},{"PrincipalSID":"S-1-5-21-1107894465-4119991344-1603665553-512","PrincipalType":"Group","RightName":"GenericAll","IsInherited":false,"InheritanceHash":""},{"PrincipalSID":"S-1-5-21-1107894465-4119991344-1603665553-519","PrincipalType":"Group","RightName":"GenericAll","IsInherited":true,"InheritanceHash":"39470d587c915e2c46f392584978c5a1"},{"PrincipalSID":"DANTE.ADMIN-S-1-5-32-544","PrincipalType":"Group","RightName":"WriteDacl","IsInherited":true,"InheritanceHash":"46b66b0abd4e73f940c5acadaf59fd61"},{"PrincipalSID":"DANTE.ADMIN-S-1-5-32-544","PrincipalType":"Group","RightName":"WriteOwner","IsInherited":true,"InheritanceHash":"46b66b0abd4e73f940c5acadaf59fd61"},{"PrincipalSID":"DANTE.ADMIN-S-1-5-32-544","PrincipalType":"Group","RightName":"GenericWrite","IsInherited":true,"InheritanceHash":"46b66b0abd4e73f940c5acadaf59fd61"}],"ObjectIdentifier":"DANTE.ADMIN-S-1-5-32-556","IsDeleted":false,"IsACLProtected":false,"ContainedBy":{"ObjectIdentifier":"S-1-5-21-1107894465-4119991344-1603665553","ObjectType":"Domain"}},{"Properties":{"domain":"DANTE.ADMIN","name":"PERFORMANCE MONITOR USERS@DANTE.ADMIN","distinguishedname":"CN=PERFORMANCE MONITOR USERS,CN=BUILTIN,DC=DANTE,DC=ADMIN","domainsid":"S-1-5-21-1107894465-4119991344-1603665553","samaccountname":"Performance Monitor Users","isaclprotected":false,"admincount":false},"Members":[],"Aces":[{"PrincipalSID":"DANTE.ADMIN-S-1-5-32-544","PrincipalType":"Group","RightName":"Owns","IsInherited":false,"InheritanceHash":null},{"PrincipalSID":"DANTE.ADMIN-S-1-5-32-548","PrincipalType":"Group","RightName":"GenericAll","IsInherited":false,"InheritanceHash":""},{"PrincipalSID":"S-1-5-21-1107894465-4119991344-1603665553-512","PrincipalType":"Group","RightName":"GenericAll","IsInherited":false,"InheritanceHash":""},{"PrincipalSID":"S-1-5-21-1107894465-4119991344-1603665553-519","PrincipalType":"Group","RightName":"GenericAll","IsInherited":true,"InheritanceHash":"39470d587c915e2c46f392584978c5a1"},{"PrincipalSID":"DANTE.ADMIN-S-1-5-32-544","PrincipalType":"Group","RightName":"WriteDacl","IsInherited":true,"InheritanceHash":"46b66b0abd4e73f940c5acadaf59fd61"},{"PrincipalSID":"DANTE.ADMIN-S-1-5-32-544","PrincipalType":"Group","RightName":"WriteOwner","IsInherited":true,"InheritanceHash":"46b66b0abd4e73f940c5acadaf59fd61"},{"PrincipalSID":"DANTE.ADMIN-S-1-5-32-544","PrincipalType":"Group","RightName":"GenericWrite","IsInherited":true,"InheritanceHash":"46b66b0abd4e73f940c5acadaf59fd61"}],"ObjectIdentifier":"DANTE.ADMIN-S-1-5-32-558","IsDeleted":false,"IsACLProtected":false,"ContainedBy":{"ObjectIdentifier":"S-1-5-21-1107894465-4119991344-1603665553","ObjectType":"Domain"}},{"Properties":{"domain":"DANTE.ADMIN","name":"PERFORMANCE LOG USERS@DANTE.ADMIN","distinguishedname":"CN=PERFORMANCE LOG USERS,CN=BUILTIN,DC=DANTE,DC=ADMIN","domainsid":"S-1-5-21-1107894465-4119991344-1603665553","samaccountname":"Performance Log Users","isaclprotected":false,"admincount":false},"Members":[],"Aces":[{"PrincipalSID":"DANTE.ADMIN-S-1-5-32-544","PrincipalType":"Group","RightName":"Owns","IsInherited":false,"InheritanceHash":null},{"PrincipalSID":"DANTE.ADMIN-S-1-5-32-548","PrincipalType":"Group","RightName":"GenericAll","IsInherited":false,"InheritanceHash":""},{"PrincipalSID":"S-1-5-21-1107894465-4119991344-1603665553-512","PrincipalType":"Group","RightName":"GenericAll","IsInherited":false,"InheritanceHash":""},{"PrincipalSID":"S-1-5-21-1107894465-4119991344-1603665553-519","PrincipalType":"Group","RightName":"GenericAll","IsInherited":true,"InheritanceHash":"39470d587c915e2c46f392584978c5a1"},{"PrincipalSID":"DANTE.ADMIN-S-1-5-32-544","PrincipalType":"Group","RightName":"WriteDacl","IsInherited":true,"InheritanceHash":"46b66b0abd4e73f940c5acadaf59fd61"},{"PrincipalSID":"DANTE.ADMIN-S-1-5-32-544","PrincipalType":"Group","RightName":"WriteOwner","IsInherited":true,"InheritanceHash":"46b66b0abd4e73f940c5acadaf59fd61"},{"PrincipalSID":"DANTE.ADMIN-S-1-5-32-544","PrincipalType":"Group","RightName":"GenericWrite","IsInherited":true,"InheritanceHash":"46b66b0abd4e73f940c5acadaf59fd61"}],"ObjectIdentifier":"DANTE.ADMIN-S-1-5-32-559","IsDeleted":false,"IsACLProtected":false,"ContainedBy":{"ObjectIdentifier":"S-1-5-21-1107894465-4119991344-1603665553","ObjectType":"Domain"}},{"Properties":{"domain":"DANTE.ADMIN","name":"DISTRIBUTED COM USERS@DANTE.ADMIN","distinguishedname":"CN=DISTRIBUTED COM USERS,CN=BUILTIN,DC=DANTE,DC=ADMIN","domainsid":"S-1-5-21-1107894465-4119991344-1603665553","samaccountname":"Distributed COM Users","isaclprotected":false,"admincount":false},"Members":[],"Aces":[{"PrincipalSID":"DANTE.ADMIN-S-1-5-32-544","PrincipalType":"Group","RightName":"Owns","IsInherited":false,"InheritanceHash":null},{"PrincipalSID":"DANTE.ADMIN-S-1-5-32-548","PrincipalType":"Group","RightName":"GenericAll","IsInherited":false,"InheritanceHash":""},{"PrincipalSID":"S-1-5-21-1107894465-4119991344-1603665553-512","PrincipalType":"Group","RightName":"GenericAll","IsInherited":false,"InheritanceHash":""},{"PrincipalSID":"S-1-5-21-1107894465-4119991344-1603665553-519","PrincipalType":"Group","RightName":"GenericAll","IsInherited":true,"InheritanceHash":"39470d587c915e2c46f392584978c5a1"},{"PrincipalSID":"DANTE.ADMIN-S-1-5-32-544","PrincipalType":"Group","RightName":"WriteDacl","IsInherited":true,"InheritanceHash":"46b66b0abd4e73f940c5acadaf59fd61"},{"PrincipalSID":"DANTE.ADMIN-S-1-5-32-544","PrincipalType":"Group","RightName":"WriteOwner","IsInherited":true,"InheritanceHash":"46b66b0abd4e73f940c5acadaf59fd61"},{"PrincipalSID":"DANTE.ADMIN-S-1-5-32-544","PrincipalType":"Group","RightName":"GenericWrite","IsInherited":true,"InheritanceHash":"46b66b0abd4e73f940c5acadaf59fd61"}],"ObjectIdentifier":"DANTE.ADMIN-S-1-5-32-562","IsDeleted":false,"IsACLProtected":false,"ContainedBy":{"ObjectIdentifier":"S-1-5-21-1107894465-4119991344-1603665553","ObjectType":"Domain"}},{"Properties":{"domain":"DANTE.ADMIN","name":"IIS_IUSRS@DANTE.ADMIN","distinguishedname":"CN=IIS_IUSRS,CN=BUILTIN,DC=DANTE,DC=ADMIN","domainsid":"S-1-5-21-1107894465-4119991344-1603665553","samaccountname":"IIS_IUSRS","isaclprotected":false,"admincount":false},"Members":[{"ObjectIdentifier":"DANTE.ADMIN-S-1-5-17","ObjectType":"User"}],"Aces":[{"PrincipalSID":"DANTE.ADMIN-S-1-5-32-544","PrincipalType":"Group","RightName":"Owns","IsInherited":false,"InheritanceHash":null},{"PrincipalSID":"DANTE.ADMIN-S-1-5-32-548","PrincipalType":"Group","RightName":"GenericAll","IsInherited":false,"InheritanceHash":""},{"PrincipalSID":"S-1-5-21-1107894465-4119991344-1603665553-512","PrincipalType":"Group","RightName":"GenericAll","IsInherited":false,"InheritanceHash":""},{"PrincipalSID":"S-1-5-21-1107894465-4119991344-1603665553-519","PrincipalType":"Group","RightName":"GenericAll","IsInherited":true,"InheritanceHash":"39470d587c915e2c46f392584978c5a1"},{"PrincipalSID":"DANTE.ADMIN-S-1-5-32-544","PrincipalType":"Group","RightName":"WriteDacl","IsInherited":true,"InheritanceHash":"46b66b0abd4e73f940c5acadaf59fd61"},{"PrincipalSID":"DANTE.ADMIN-S-1-5-32-544","PrincipalType":"Group","RightName":"WriteOwner","IsInherited":true,"InheritanceHash":"46b66b0abd4e73f940c5acadaf59fd61"},{"PrincipalSID":"DANTE.ADMIN-S-1-5-32-544","PrincipalType":"Group","RightName":"GenericWrite","IsInherited":true,"InheritanceHash":"46b66b0abd4e73f940c5acadaf59fd61"}],"ObjectIdentifier":"DANTE.ADMIN-S-1-5-32-568","IsDeleted":false,"IsACLProtected":false,"ContainedBy":{"ObjectIdentifier":"S-1-5-21-1107894465-4119991344-1603665553","ObjectType":"Domain"}},{"Properties":{"domain":"DANTE.ADMIN","name":"EVENT LOG READERS@DANTE.ADMIN","distinguishedname":"CN=EVENT LOG READERS,CN=BUILTIN,DC=DANTE,DC=ADMIN","domainsid":"S-1-5-21-1107894465-4119991344-1603665553","samaccountname":"Event Log Readers","isaclprotected":false,"admincount":false},"Members":[],"Aces":[{"PrincipalSID":"DANTE.ADMIN-S-1-5-32-544","PrincipalType":"Group","RightName":"Owns","IsInherited":false,"InheritanceHash":null},{"PrincipalSID":"DANTE.ADMIN-S-1-5-32-548","PrincipalType":"Group","RightName":"GenericAll","IsInherited":false,"InheritanceHash":""},{"PrincipalSID":"S-1-5-21-1107894465-4119991344-1603665553-512","PrincipalType":"Group","RightName":"GenericAll","IsInherited":false,"InheritanceHash":""},{"PrincipalSID":"S-1-5-21-1107894465-4119991344-1603665553-519","PrincipalType":"Group","RightName":"GenericAll","IsInherited":true,"InheritanceHash":"39470d587c915e2c46f392584978c5a1"},{"PrincipalSID":"DANTE.ADMIN-S-1-5-32-544","PrincipalType":"Group","RightName":"WriteDacl","IsInherited":true,"InheritanceHash":"46b66b0abd4e73f940c5acadaf59fd61"},{"PrincipalSID":"DANTE.ADMIN-S-1-5-32-544","PrincipalType":"Group","RightName":"WriteOwner","IsInherited":true,"InheritanceHash":"46b66b0abd4e73f940c5acadaf59fd61"},{"PrincipalSID":"DANTE.ADMIN-S-1-5-32-544","PrincipalType":"Group","RightName":"GenericWrite","IsInherited":true,"InheritanceHash":"46b66b0abd4e73f940c5acadaf59fd61"}],"ObjectIdentifier":"DANTE.ADMIN-S-1-5-32-573","IsDeleted":false,"IsACLProtected":false,"ContainedBy":{"ObjectIdentifier":"S-1-5-21-1107894465-4119991344-1603665553","ObjectType":"Domain"}},{"Properties":{"domain":"DANTE.ADMIN","name":"CRYPTOGRAPHIC OPERATORS@DANTE.ADMIN","distinguishedname":"CN=CRYPTOGRAPHIC OPERATORS,CN=BUILTIN,DC=DANTE,DC=ADMIN","domainsid":"S-1-5-21-1107894465-4119991344-1603665553","samaccountname":"Cryptographic Operators","isaclprotected":false,"admincount":false},"Members":[],"Aces":[{"PrincipalSID":"DANTE.ADMIN-S-1-5-32-544","PrincipalType":"Group","RightName":"Owns","IsInherited":false,"InheritanceHash":null},{"PrincipalSID":"DANTE.ADMIN-S-1-5-32-548","PrincipalType":"Group","RightName":"GenericAll","IsInherited":false,"InheritanceHash":""},{"PrincipalSID":"S-1-5-21-1107894465-4119991344-1603665553-512","PrincipalType":"Group","RightName":"GenericAll","IsInherited":false,"InheritanceHash":""},{"PrincipalSID":"S-1-5-21-1107894465-4119991344-1603665553-519","PrincipalType":"Group","RightName":"GenericAll","IsInherited":true,"InheritanceHash":"39470d587c915e2c46f392584978c5a1"},{"PrincipalSID":"DANTE.ADMIN-S-1-5-32-544","PrincipalType":"Group","RightName":"WriteDacl","IsInherited":true,"InheritanceHash":"46b66b0abd4e73f940c5acadaf59fd61"},{"PrincipalSID":"DANTE.ADMIN-S-1-5-32-544","PrincipalType":"Group","RightName":"WriteOwner","IsInherited":true,"InheritanceHash":"46b66b0abd4e73f940c5acadaf59fd61"},{"PrincipalSID":"DANTE.ADMIN-S-1-5-32-544","PrincipalType":"Group","RightName":"GenericWrite","IsInherited":true,"InheritanceHash":"46b66b0abd4e73f940c5acadaf59fd61"}],"ObjectIdentifier":"DANTE.ADMIN-S-1-5-32-569","IsDeleted":false,"IsACLProtected":false,"ContainedBy":{"ObjectIdentifier":"S-1-5-21-1107894465-4119991344-1603665553","ObjectType":"Domain"}},{"Properties":{"domain":"DANTE.ADMIN","name":"CERTIFICATE SERVICE DCOM ACCESS@DANTE.ADMIN","distinguishedname":"CN=CERTIFICATE SERVICE DCOM ACCESS,CN=BUILTIN,DC=DANTE,DC=ADMIN","domainsid":"S-1-5-21-1107894465-4119991344-1603665553","samaccountname":"Certificate Service DCOM Access","isaclprotected":false,"admincount":false},"Members":[],"Aces":[{"PrincipalSID":"DANTE.ADMIN-S-1-5-32-544","PrincipalType":"Group","RightName":"Owns","IsInherited":false,"InheritanceHash":null},{"PrincipalSID":"DANTE.ADMIN-S-1-5-32-548","PrincipalType":"Group","RightName":"GenericAll","IsInherited":false,"InheritanceHash":""},{"PrincipalSID":"S-1-5-21-1107894465-4119991344-1603665553-512","PrincipalType":"Group","RightName":"GenericAll","IsInherited":false,"InheritanceHash":""},{"PrincipalSID":"S-1-5-21-1107894465-4119991344-1603665553-519","PrincipalType":"Group","RightName":"GenericAll","IsInherited":true,"InheritanceHash":"39470d587c915e2c46f392584978c5a1"},{"PrincipalSID":"DANTE.ADMIN-S-1-5-32-544","PrincipalType":"Group","RightName":"WriteDacl","IsInherited":true,"InheritanceHash":"46b66b0abd4e73f940c5acadaf59fd61"},{"PrincipalSID":"DANTE.ADMIN-S-1-5-32-544","PrincipalType":"Group","RightName":"WriteOwner","IsInherited":true,"InheritanceHash":"46b66b0abd4e73f940c5acadaf59fd61"},{"PrincipalSID":"DANTE.ADMIN-S-1-5-32-544","PrincipalType":"Group","RightName":"GenericWrite","IsInherited":true,"InheritanceHash":"46b66b0abd4e73f940c5acadaf59fd61"}],"ObjectIdentifier":"DANTE.ADMIN-S-1-5-32-574","IsDeleted":false,"IsACLProtected":false,"ContainedBy":{"ObjectIdentifier":"S-1-5-21-1107894465-4119991344-1603665553","ObjectType":"Domain"}},{"Properties":{"domain":"DANTE.ADMIN","name":"RDS REMOTE ACCESS SERVERS@DANTE.ADMIN","distinguishedname":"CN=RDS REMOTE ACCESS SERVERS,CN=BUILTIN,DC=DANTE,DC=ADMIN","domainsid":"S-1-5-21-1107894465-4119991344-1603665553","samaccountname":"RDS Remote Access Servers","isaclprotected":false,"admincount":false},"Members":[],"Aces":[{"PrincipalSID":"DANTE.ADMIN-S-1-5-32-544","PrincipalType":"Group","RightName":"Owns","IsInherited":false,"InheritanceHash":null},{"PrincipalSID":"DANTE.ADMIN-S-1-5-32-548","PrincipalType":"Group","RightName":"GenericAll","IsInherited":false,"InheritanceHash":""},{"PrincipalSID":"S-1-5-21-1107894465-4119991344-1603665553-512","PrincipalType":"Group","RightName":"GenericAll","IsInherited":false,"InheritanceHash":""},{"PrincipalSID":"S-1-5-21-1107894465-4119991344-1603665553-519","PrincipalType":"Group","RightName":"GenericAll","IsInherited":true,"InheritanceHash":"39470d587c915e2c46f392584978c5a1"},{"PrincipalSID":"DANTE.ADMIN-S-1-5-32-544","PrincipalType":"Group","RightName":"WriteDacl","IsInherited":true,"InheritanceHash":"46b66b0abd4e73f940c5acadaf59fd61"},{"PrincipalSID":"DANTE.ADMIN-S-1-5-32-544","PrincipalType":"Group","RightName":"WriteOwner","IsInherited":true,"InheritanceHash":"46b66b0abd4e73f940c5acadaf59fd61"},{"PrincipalSID":"DANTE.ADMIN-S-1-5-32-544","PrincipalType":"Group","RightName":"GenericWrite","IsInherited":true,"InheritanceHash":"46b66b0abd4e73f940c5acadaf59fd61"}],"ObjectIdentifier":"DANTE.ADMIN-S-1-5-32-575","IsDeleted":false,"IsACLProtected":false,"ContainedBy":{"ObjectIdentifier":"S-1-5-21-1107894465-4119991344-1603665553","ObjectType":"Domain"}},{"Properties":{"domain":"DANTE.ADMIN","name":"RDS ENDPOINT SERVERS@DANTE.ADMIN","distinguishedname":"CN=RDS ENDPOINT SERVERS,CN=BUILTIN,DC=DANTE,DC=ADMIN","domainsid":"S-1-5-21-1107894465-4119991344-1603665553","samaccountname":"RDS Endpoint Servers","isaclprotected":false,"admincount":false},"Members":[],"Aces":[{"PrincipalSID":"DANTE.ADMIN-S-1-5-32-544","PrincipalType":"Group","RightName":"Owns","IsInherited":false,"InheritanceHash":null},{"PrincipalSID":"DANTE.ADMIN-S-1-5-32-548","PrincipalType":"Group","RightName":"GenericAll","IsInherited":false,"InheritanceHash":""},{"PrincipalSID":"S-1-5-21-1107894465-4119991344-1603665553-512","PrincipalType":"Group","RightName":"GenericAll","IsInherited":false,"InheritanceHash":""},{"PrincipalSID":"S-1-5-21-1107894465-4119991344-1603665553-519","PrincipalType":"Group","RightName":"GenericAll","IsInherited":true,"InheritanceHash":"39470d587c915e2c46f392584978c5a1"},{"PrincipalSID":"DANTE.ADMIN-S-1-5-32-544","PrincipalType":"Group","RightName":"WriteDacl","IsInherited":true,"InheritanceHash":"46b66b0abd4e73f940c5acadaf59fd61"},{"PrincipalSID":"DANTE.ADMIN-S-1-5-32-544","PrincipalType":"Group","RightName":"WriteOwner","IsInherited":true,"InheritanceHash":"46b66b0abd4e73f940c5acadaf59fd61"},{"PrincipalSID":"DANTE.ADMIN-S-1-5-32-544","PrincipalType":"Group","RightName":"GenericWrite","IsInherited":true,"InheritanceHash":"46b66b0abd4e73f940c5acadaf59fd61"}],"ObjectIdentifier":"DANTE.ADMIN-S-1-5-32-576","IsDeleted":false,"IsACLProtected":false,"ContainedBy":{"ObjectIdentifier":"S-1-5-21-1107894465-4119991344-1603665553","ObjectType":"Domain"}},{"Properties":{"domain":"DANTE.ADMIN","name":"RDS MANAGEMENT SERVERS@DANTE.ADMIN","distinguishedname":"CN=RDS MANAGEMENT SERVERS,CN=BUILTIN,DC=DANTE,DC=ADMIN","domainsid":"S-1-5-21-1107894465-4119991344-1603665553","samaccountname":"RDS Management Servers","isaclprotected":false,"admincount":false},"Members":[],"Aces":[{"PrincipalSID":"DANTE.ADMIN-S-1-5-32-544","PrincipalType":"Group","RightName":"Owns","IsInherited":false,"InheritanceHash":null},{"PrincipalSID":"DANTE.ADMIN-S-1-5-32-548","PrincipalType":"Group","RightName":"GenericAll","IsInherited":false,"InheritanceHash":""},{"PrincipalSID":"S-1-5-21-1107894465-4119991344-1603665553-512","PrincipalType":"Group","RightName":"GenericAll","IsInherited":false,"InheritanceHash":""},{"PrincipalSID":"S-1-5-21-1107894465-4119991344-1603665553-519","PrincipalType":"Group","RightName":"GenericAll","IsInherited":true,"InheritanceHash":"39470d587c915e2c46f392584978c5a1"},{"PrincipalSID":"DANTE.ADMIN-S-1-5-32-544","PrincipalType":"Group","RightName":"WriteDacl","IsInherited":true,"InheritanceHash":"46b66b0abd4e73f940c5acadaf59fd61"},{"PrincipalSID":"DANTE.ADMIN-S-1-5-32-544","PrincipalType":"Group","RightName":"WriteOwner","IsInherited":true,"InheritanceHash":"46b66b0abd4e73f940c5acadaf59fd61"},{"PrincipalSID":"DANTE.ADMIN-S-1-5-32-544","PrincipalType":"Group","RightName":"GenericWrite","IsInherited":true,"InheritanceHash":"46b66b0abd4e73f940c5acadaf59fd61"}],"ObjectIdentifier":"DANTE.ADMIN-S-1-5-32-577","IsDeleted":false,"IsACLProtected":false,"ContainedBy":{"ObjectIdentifier":"S-1-5-21-1107894465-4119991344-1603665553","ObjectType":"Domain"}},{"Properties":{"domain":"DANTE.ADMIN","name":"HYPER-V ADMINISTRATORS@DANTE.ADMIN","distinguishedname":"CN=HYPER-V ADMINISTRATORS,CN=BUILTIN,DC=DANTE,DC=ADMIN","domainsid":"S-1-5-21-1107894465-4119991344-1603665553","samaccountname":"Hyper-V Administrators","isaclprotected":false,"admincount":false},"Members":[],"Aces":[{"PrincipalSID":"DANTE.ADMIN-S-1-5-32-544","PrincipalType":"Group","RightName":"Owns","IsInherited":false,"InheritanceHash":null},{"PrincipalSID":"DANTE.ADMIN-S-1-5-32-548","PrincipalType":"Group","RightName":"GenericAll","IsInherited":false,"InheritanceHash":""},{"PrincipalSID":"S-1-5-21-1107894465-4119991344-1603665553-512","PrincipalType":"Group","RightName":"GenericAll","IsInherited":false,"InheritanceHash":""},{"PrincipalSID":"S-1-5-21-1107894465-4119991344-1603665553-519","PrincipalType":"Group","RightName":"GenericAll","IsInherited":true,"InheritanceHash":"39470d587c915e2c46f392584978c5a1"},{"PrincipalSID":"DANTE.ADMIN-S-1-5-32-544","PrincipalType":"Group","RightName":"WriteDacl","IsInherited":true,"InheritanceHash":"46b66b0abd4e73f940c5acadaf59fd61"},{"PrincipalSID":"DANTE.ADMIN-S-1-5-32-544","PrincipalType":"Group","RightName":"WriteOwner","IsInherited":true,"InheritanceHash":"46b66b0abd4e73f940c5acadaf59fd61"},{"PrincipalSID":"DANTE.ADMIN-S-1-5-32-544","PrincipalType":"Group","RightName":"GenericWrite","IsInherited":true,"InheritanceHash":"46b66b0abd4e73f940c5acadaf59fd61"}],"ObjectIdentifier":"DANTE.ADMIN-S-1-5-32-578","IsDeleted":false,"IsACLProtected":false,"ContainedBy":{"ObjectIdentifier":"S-1-5-21-1107894465-4119991344-1603665553","ObjectType":"Domain"}},{"Properties":{"domain":"DANTE.ADMIN","name":"ACCESS CONTROL ASSISTANCE OPERATORS@DANTE.ADMIN","distinguishedname":"CN=ACCESS CONTROL ASSISTANCE OPERATORS,CN=BUILTIN,DC=DANTE,DC=ADMIN","domainsid":"S-1-5-21-1107894465-4119991344-1603665553","samaccountname":"Access Control Assistance Operators","isaclprotected":false,"admincount":false},"Members":[],"Aces":[{"PrincipalSID":"DANTE.ADMIN-S-1-5-32-544","PrincipalType":"Group","RightName":"Owns","IsInherited":false,"InheritanceHash":null},{"PrincipalSID":"DANTE.ADMIN-S-1-5-32-548","PrincipalType":"Group","RightName":"GenericAll","IsInherited":false,"InheritanceHash":""},{"PrincipalSID":"S-1-5-21-1107894465-4119991344-1603665553-512","PrincipalType":"Group","RightName":"GenericAll","IsInherited":false,"InheritanceHash":""},{"PrincipalSID":"S-1-5-21-1107894465-4119991344-1603665553-519","PrincipalType":"Group","RightName":"GenericAll","IsInherited":true,"InheritanceHash":"39470d587c915e2c46f392584978c5a1"},{"PrincipalSID":"DANTE.ADMIN-S-1-5-32-544","PrincipalType":"Group","RightName":"WriteDacl","IsInherited":true,"InheritanceHash":"46b66b0abd4e73f940c5acadaf59fd61"},{"PrincipalSID":"DANTE.ADMIN-S-1-5-32-544","PrincipalType":"Group","RightName":"WriteOwner","IsInherited":true,"InheritanceHash":"46b66b0abd4e73f940c5acadaf59fd61"},{"PrincipalSID":"DANTE.ADMIN-S-1-5-32-544","PrincipalType":"Group","RightName":"GenericWrite","IsInherited":true,"InheritanceHash":"46b66b0abd4e73f940c5acadaf59fd61"}],"ObjectIdentifier":"DANTE.ADMIN-S-1-5-32-579","IsDeleted":false,"IsACLProtected":false,"ContainedBy":{"ObjectIdentifier":"S-1-5-21-1107894465-4119991344-1603665553","ObjectType":"Domain"}},{"Properties":{"domain":"DANTE.ADMIN","name":"STORAGE REPLICA ADMINISTRATORS@DANTE.ADMIN","distinguishedname":"CN=STORAGE REPLICA ADMINISTRATORS,CN=BUILTIN,DC=DANTE,DC=ADMIN","domainsid":"S-1-5-21-1107894465-4119991344-1603665553","samaccountname":"Storage Replica Administrators","isaclprotected":false,"admincount":false},"Members":[],"Aces":[{"PrincipalSID":"DANTE.ADMIN-S-1-5-32-544","PrincipalType":"Group","RightName":"Owns","IsInherited":false,"InheritanceHash":null},{"PrincipalSID":"DANTE.ADMIN-S-1-5-32-548","PrincipalType":"Group","RightName":"GenericAll","IsInherited":false,"InheritanceHash":""},{"PrincipalSID":"S-1-5-21-1107894465-4119991344-1603665553-512","PrincipalType":"Group","RightName":"GenericAll","IsInherited":false,"InheritanceHash":""},{"PrincipalSID":"S-1-5-21-1107894465-4119991344-1603665553-519","PrincipalType":"Group","RightName":"GenericAll","IsInherited":true,"InheritanceHash":"39470d587c915e2c46f392584978c5a1"},{"PrincipalSID":"DANTE.ADMIN-S-1-5-32-544","PrincipalType":"Group","RightName":"WriteDacl","IsInherited":true,"InheritanceHash":"46b66b0abd4e73f940c5acadaf59fd61"},{"PrincipalSID":"DANTE.ADMIN-S-1-5-32-544","PrincipalType":"Group","RightName":"WriteOwner","IsInherited":true,"InheritanceHash":"46b66b0abd4e73f940c5acadaf59fd61"},{"PrincipalSID":"DANTE.ADMIN-S-1-5-32-544","PrincipalType":"Group","RightName":"GenericWrite","IsInherited":true,"InheritanceHash":"46b66b0abd4e73f940c5acadaf59fd61"}],"ObjectIdentifier":"DANTE.ADMIN-S-1-5-32-582","IsDeleted":false,"IsACLProtected":false,"ContainedBy":{"ObjectIdentifier":"S-1-5-21-1107894465-4119991344-1603665553","ObjectType":"Domain"}},{"Properties":{"domain":"DANTE.ADMIN","name":"REMOTE MANAGEMENT USERS@DANTE.ADMIN","distinguishedname":"CN=REMOTE MANAGEMENT USERS,CN=BUILTIN,DC=DANTE,DC=ADMIN","domainsid":"S-1-5-21-1107894465-4119991344-1603665553","samaccountname":"Remote Management Users","isaclprotected":false,"admincount":false},"Members":[{"ObjectIdentifier":"S-1-5-21-1107894465-4119991344-1603665553-1106","ObjectType":"User"}],"Aces":[{"PrincipalSID":"DANTE.ADMIN-S-1-5-32-544","PrincipalType":"Group","RightName":"Owns","IsInherited":false,"InheritanceHash":null},{"PrincipalSID":"DANTE.ADMIN-S-1-5-32-548","PrincipalType":"Group","RightName":"GenericAll","IsInherited":false,"InheritanceHash":""},{"PrincipalSID":"S-1-5-21-1107894465-4119991344-1603665553-512","PrincipalType":"Group","RightName":"GenericAll","IsInherited":false,"InheritanceHash":""},{"PrincipalSID":"S-1-5-21-1107894465-4119991344-1603665553-519","PrincipalType":"Group","RightName":"GenericAll","IsInherited":true,"InheritanceHash":"39470d587c915e2c46f392584978c5a1"},{"PrincipalSID":"DANTE.ADMIN-S-1-5-32-544","PrincipalType":"Group","RightName":"WriteDacl","IsInherited":true,"InheritanceHash":"46b66b0abd4e73f940c5acadaf59fd61"},{"PrincipalSID":"DANTE.ADMIN-S-1-5-32-544","PrincipalType":"Group","RightName":"WriteOwner","IsInherited":true,"InheritanceHash":"46b66b0abd4e73f940c5acadaf59fd61"},{"PrincipalSID":"DANTE.ADMIN-S-1-5-32-544","PrincipalType":"Group","RightName":"GenericWrite","IsInherited":true,"InheritanceHash":"46b66b0abd4e73f940c5acadaf59fd61"}],"ObjectIdentifier":"DANTE.ADMIN-S-1-5-32-580","IsDeleted":false,"IsACLProtected":false,"ContainedBy":{"ObjectIdentifier":"S-1-5-21-1107894465-4119991344-1603665553","ObjectType":"Domain"}},{"Properties":{"domain":"DANTE.ADMIN","name":"RAS AND IAS SERVERS@DANTE.ADMIN","distinguishedname":"CN=RAS AND IAS SERVERS,CN=USERS,DC=DANTE,DC=ADMIN","domainsid":"S-1-5-21-1107894465-4119991344-1603665553","samaccountname":"RAS and IAS Servers","isaclprotected":false,"admincount":false},"Members":[],"Aces":[{"PrincipalSID":"S-1-5-21-1107894465-4119991344-1603665553-512","PrincipalType":"Group","RightName":"Owns","IsInherited":false,"InheritanceHash":null},{"PrincipalSID":"DANTE.ADMIN-S-1-5-32-548","PrincipalType":"Group","RightName":"GenericAll","IsInherited":false,"InheritanceHash":""},{"PrincipalSID":"S-1-5-21-1107894465-4119991344-1603665553-512","PrincipalType":"Group","RightName":"GenericAll","IsInherited":false,"InheritanceHash":""},{"PrincipalSID":"S-1-5-21-1107894465-4119991344-1603665553-519","PrincipalType":"Group","RightName":"GenericAll","IsInherited":true,"InheritanceHash":"39470d587c915e2c46f392584978c5a1"},{"PrincipalSID":"DANTE.ADMIN-S-1-5-32-544","PrincipalType":"Group","RightName":"WriteDacl","IsInherited":true,"InheritanceHash":"46b66b0abd4e73f940c5acadaf59fd61"},{"PrincipalSID":"DANTE.ADMIN-S-1-5-32-544","PrincipalType":"Group","RightName":"WriteOwner","IsInherited":true,"InheritanceHash":"46b66b0abd4e73f940c5acadaf59fd61"},{"PrincipalSID":"DANTE.ADMIN-S-1-5-32-544","PrincipalType":"Group","RightName":"GenericWrite","IsInherited":true,"InheritanceHash":"46b66b0abd4e73f940c5acadaf59fd61"}],"ObjectIdentifier":"S-1-5-21-1107894465-4119991344-1603665553-553","IsDeleted":false,"IsACLProtected":false,"ContainedBy":{"ObjectIdentifier":"56504B61-6ADD-408A-A15E-2D9C52D20CBD","ObjectType":"Container"}},{"Properties":{"domain":"DANTE.ADMIN","name":"SERVER OPERATORS@DANTE.ADMIN","distinguishedname":"CN=SERVER OPERATORS,CN=BUILTIN,DC=DANTE,DC=ADMIN","domainsid":"S-1-5-21-1107894465-4119991344-1603665553","samaccountname":"Server Operators","isaclprotected":true,"admincount":false},"Members":[],"Aces":[{"PrincipalSID":"S-1-5-21-1107894465-4119991344-1603665553-512","PrincipalType":"Group","RightName":"Owns","IsInherited":false,"InheritanceHash":null},{"PrincipalSID":"DANTE.ADMIN-S-1-5-32-544","PrincipalType":"Group","RightName":"WriteDacl","IsInherited":false,"InheritanceHash":""},{"PrincipalSID":"DANTE.ADMIN-S-1-5-32-544","PrincipalType":"Group","RightName":"WriteOwner","IsInherited":false,"InheritanceHash":""},{"PrincipalSID":"DANTE.ADMIN-S-1-5-32-544","PrincipalType":"Group","RightName":"GenericWrite","IsInherited":false,"InheritanceHash":""},{"PrincipalSID":"S-1-5-21-1107894465-4119991344-1603665553-512","PrincipalType":"Group","RightName":"WriteDacl","IsInherited":false,"InheritanceHash":""},{"PrincipalSID":"S-1-5-21-1107894465-4119991344-1603665553-512","PrincipalType":"Group","RightName":"WriteOwner","IsInherited":false,"InheritanceHash":""},{"PrincipalSID":"S-1-5-21-1107894465-4119991344-1603665553-512","PrincipalType":"Group","RightName":"GenericWrite","IsInherited":false,"InheritanceHash":""},{"PrincipalSID":"S-1-5-21-1107894465-4119991344-1603665553-519","PrincipalType":"Group","RightName":"WriteDacl","IsInherited":false,"InheritanceHash":""},{"PrincipalSID":"S-1-5-21-1107894465-4119991344-1603665553-519","PrincipalType":"Group","RightName":"WriteOwner","IsInherited":false,"InheritanceHash":""},{"PrincipalSID":"S-1-5-21-1107894465-4119991344-1603665553-519","PrincipalType":"Group","RightName":"GenericWrite","IsInherited":false,"InheritanceHash":""}],"ObjectIdentifier":"DANTE.ADMIN-S-1-5-32-549","IsDeleted":false,"IsACLProtected":true,"ContainedBy":{"ObjectIdentifier":"S-1-5-21-1107894465-4119991344-1603665553","ObjectType":"Domain"}},{"Properties":{"domain":"DANTE.ADMIN","name":"CERT PUBLISHERS@DANTE.ADMIN","distinguishedname":"CN=CERT PUBLISHERS,CN=USERS,DC=DANTE,DC=ADMIN","domainsid":"S-1-5-21-1107894465-4119991344-1603665553","samaccountname":"Cert Publishers","isaclprotected":false,"admincount":false},"Members":[],"Aces":[{"PrincipalSID":"S-1-5-21-1107894465-4119991344-1603665553-512","PrincipalType":"Group","RightName":"Owns","IsInherited":false,"InheritanceHash":null},{"PrincipalSID":"DANTE.ADMIN-S-1-5-32-548","PrincipalType":"Group","RightName":"GenericAll","IsInherited":false,"InheritanceHash":""},{"PrincipalSID":"S-1-5-21-1107894465-4119991344-1603665553-512","PrincipalType":"Group","RightName":"GenericAll","IsInherited":false,"InheritanceHash":""},{"PrincipalSID":"S-1-5-21-1107894465-4119991344-1603665553-519","PrincipalType":"Group","RightName":"GenericAll","IsInherited":true,"InheritanceHash":"39470d587c915e2c46f392584978c5a1"},{"PrincipalSID":"DANTE.ADMIN-S-1-5-32-544","PrincipalType":"Group","RightName":"WriteDacl","IsInherited":true,"InheritanceHash":"46b66b0abd4e73f940c5acadaf59fd61"},{"PrincipalSID":"DANTE.ADMIN-S-1-5-32-544","PrincipalType":"Group","RightName":"WriteOwner","IsInherited":true,"InheritanceHash":"46b66b0abd4e73f940c5acadaf59fd61"},{"PrincipalSID":"DANTE.ADMIN-S-1-5-32-544","PrincipalType":"Group","RightName":"GenericWrite","IsInherited":true,"InheritanceHash":"46b66b0abd4e73f940c5acadaf59fd61"}],"ObjectIdentifier":"S-1-5-21-1107894465-4119991344-1603665553-517","IsDeleted":false,"IsACLProtected":false,"ContainedBy":{"ObjectIdentifier":"56504B61-6ADD-408A-A15E-2D9C52D20CBD","ObjectType":"Container"}},{"Properties":{"domain":"DANTE.ADMIN","name":"ACCOUNT OPERATORS@DANTE.ADMIN","distinguishedname":"CN=ACCOUNT OPERATORS,CN=BUILTIN,DC=DANTE,DC=ADMIN","domainsid":"S-1-5-21-1107894465-4119991344-1603665553","samaccountname":"Account Operators","isaclprotected":true,"admincount":false},"Members":[],"Aces":[{"PrincipalSID":"S-1-5-21-1107894465-4119991344-1603665553-512","PrincipalType":"Group","RightName":"Owns","IsInherited":false,"InheritanceHash":null},{"PrincipalSID":"DANTE.ADMIN-S-1-5-32-544","PrincipalType":"Group","RightName":"WriteDacl","IsInherited":false,"InheritanceHash":""},{"PrincipalSID":"DANTE.ADMIN-S-1-5-32-544","PrincipalType":"Group","RightName":"WriteOwner","IsInherited":false,"InheritanceHash":""},{"PrincipalSID":"DANTE.ADMIN-S-1-5-32-544","PrincipalType":"Group","RightName":"GenericWrite","IsInherited":false,"InheritanceHash":""},{"PrincipalSID":"S-1-5-21-1107894465-4119991344-1603665553-512","PrincipalType":"Group","RightName":"WriteDacl","IsInherited":false,"InheritanceHash":""},{"PrincipalSID":"S-1-5-21-1107894465-4119991344-1603665553-512","PrincipalType":"Group","RightName":"WriteOwner","IsInherited":false,"InheritanceHash":""},{"PrincipalSID":"S-1-5-21-1107894465-4119991344-1603665553-512","PrincipalType":"Group","RightName":"GenericWrite","IsInherited":false,"InheritanceHash":""},{"PrincipalSID":"S-1-5-21-1107894465-4119991344-1603665553-519","PrincipalType":"Group","RightName":"WriteDacl","IsInherited":false,"InheritanceHash":""},{"PrincipalSID":"S-1-5-21-1107894465-4119991344-1603665553-519","PrincipalType":"Group","RightName":"WriteOwner","IsInherited":false,"InheritanceHash":""},{"PrincipalSID":"S-1-5-21-1107894465-4119991344-1603665553-519","PrincipalType":"Group","RightName":"GenericWrite","IsInherited":false,"InheritanceHash":""}],"ObjectIdentifier":"DANTE.ADMIN-S-1-5-32-548","IsDeleted":false,"IsACLProtected":true,"ContainedBy":{"ObjectIdentifier":"S-1-5-21-1107894465-4119991344-1603665553","ObjectType":"Domain"}},{"Properties":{"domain":"DANTE.ADMIN","name":"PRE-WINDOWS 2000 COMPATIBLE ACCESS@DANTE.ADMIN","distinguishedname":"CN=PRE-WINDOWS 2000 COMPATIBLE ACCESS,CN=BUILTIN,DC=DANTE,DC=ADMIN","domainsid":"S-1-5-21-1107894465-4119991344-1603665553","samaccountname":"Pre-Windows 2000 Compatible Access","isaclprotected":false,"admincount":false},"Members":[{"ObjectIdentifier":"DANTE.ADMIN-S-1-5-11","ObjectType":"Group"}],"Aces":[{"PrincipalSID":"S-1-5-21-1107894465-4119991344-1603665553-512","PrincipalType":"Group","RightName":"Owns","IsInherited":false,"InheritanceHash":null},{"PrincipalSID":"DANTE.ADMIN-S-1-5-32-548","PrincipalType":"Group","RightName":"GenericAll","IsInherited":false,"InheritanceHash":""},{"PrincipalSID":"S-1-5-21-1107894465-4119991344-1603665553-512","PrincipalType":"Group","RightName":"GenericAll","IsInherited":false,"InheritanceHash":""},{"PrincipalSID":"S-1-5-21-1107894465-4119991344-1603665553-519","PrincipalType":"Group","RightName":"GenericAll","IsInherited":true,"InheritanceHash":"39470d587c915e2c46f392584978c5a1"},{"PrincipalSID":"DANTE.ADMIN-S-1-5-32-544","PrincipalType":"Group","RightName":"WriteDacl","IsInherited":true,"InheritanceHash":"46b66b0abd4e73f940c5acadaf59fd61"},{"PrincipalSID":"DANTE.ADMIN-S-1-5-32-544","PrincipalType":"Group","RightName":"WriteOwner","IsInherited":true,"InheritanceHash":"46b66b0abd4e73f940c5acadaf59fd61"},{"PrincipalSID":"DANTE.ADMIN-S-1-5-32-544","PrincipalType":"Group","RightName":"GenericWrite","IsInherited":true,"InheritanceHash":"46b66b0abd4e73f940c5acadaf59fd61"}],"ObjectIdentifier":"DANTE.ADMIN-S-1-5-32-554","IsDeleted":false,"IsACLProtected":false,"ContainedBy":{"ObjectIdentifier":"S-1-5-21-1107894465-4119991344-1603665553","ObjectType":"Domain"}},{"Properties":{"domain":"DANTE.ADMIN","name":"INCOMING FOREST TRUST BUILDERS@DANTE.ADMIN","distinguishedname":"CN=INCOMING FOREST TRUST BUILDERS,CN=BUILTIN,DC=DANTE,DC=ADMIN","domainsid":"S-1-5-21-1107894465-4119991344-1603665553","samaccountname":"Incoming Forest Trust Builders","isaclprotected":false,"admincount":false},"Members":[],"Aces":[{"PrincipalSID":"S-1-5-21-1107894465-4119991344-1603665553-512","PrincipalType":"Group","RightName":"Owns","IsInherited":false,"InheritanceHash":null},{"PrincipalSID":"DANTE.ADMIN-S-1-5-32-548","PrincipalType":"Group","RightName":"GenericAll","IsInherited":false,"InheritanceHash":""},{"PrincipalSID":"S-1-5-21-1107894465-4119991344-1603665553-512","PrincipalType":"Group","RightName":"GenericAll","IsInherited":false,"InheritanceHash":""},{"PrincipalSID":"S-1-5-21-1107894465-4119991344-1603665553-519","PrincipalType":"Group","RightName":"GenericAll","IsInherited":true,"InheritanceHash":"39470d587c915e2c46f392584978c5a1"},{"PrincipalSID":"DANTE.ADMIN-S-1-5-32-544","PrincipalType":"Group","RightName":"WriteDacl","IsInherited":true,"InheritanceHash":"46b66b0abd4e73f940c5acadaf59fd61"},{"PrincipalSID":"DANTE.ADMIN-S-1-5-32-544","PrincipalType":"Group","RightName":"WriteOwner","IsInherited":true,"InheritanceHash":"46b66b0abd4e73f940c5acadaf59fd61"},{"PrincipalSID":"DANTE.ADMIN-S-1-5-32-544","PrincipalType":"Group","RightName":"GenericWrite","IsInherited":true,"InheritanceHash":"46b66b0abd4e73f940c5acadaf59fd61"}],"ObjectIdentifier":"DANTE.ADMIN-S-1-5-32-557","IsDeleted":false,"IsACLProtected":false,"ContainedBy":{"ObjectIdentifier":"S-1-5-21-1107894465-4119991344-1603665553","ObjectType":"Domain"}},{"Properties":{"domain":"DANTE.ADMIN","name":"WINDOWS AUTHORIZATION ACCESS GROUP@DANTE.ADMIN","distinguishedname":"CN=WINDOWS AUTHORIZATION ACCESS GROUP,CN=BUILTIN,DC=DANTE,DC=ADMIN","domainsid":"S-1-5-21-1107894465-4119991344-1603665553","samaccountname":"Windows Authorization Access Group","isaclprotected":false,"admincount":false},"Members":[{"ObjectIdentifier":"DANTE.ADMIN-S-1-5-9","ObjectType":"Group"}],"Aces":[{"PrincipalSID":"S-1-5-21-1107894465-4119991344-1603665553-512","PrincipalType":"Group","RightName":"Owns","IsInherited":false,"InheritanceHash":null},{"PrincipalSID":"DANTE.ADMIN-S-1-5-32-548","PrincipalType":"Group","RightName":"GenericAll","IsInherited":false,"InheritanceHash":""},{"PrincipalSID":"S-1-5-21-1107894465-4119991344-1603665553-512","PrincipalType":"Group","RightName":"GenericAll","IsInherited":false,"InheritanceHash":""},{"PrincipalSID":"S-1-5-21-1107894465-4119991344-1603665553-519","PrincipalType":"Group","RightName":"GenericAll","IsInherited":true,"InheritanceHash":"39470d587c915e2c46f392584978c5a1"},{"PrincipalSID":"DANTE.ADMIN-S-1-5-32-544","PrincipalType":"Group","RightName":"WriteDacl","IsInherited":true,"InheritanceHash":"46b66b0abd4e73f940c5acadaf59fd61"},{"PrincipalSID":"DANTE.ADMIN-S-1-5-32-544","PrincipalType":"Group","RightName":"WriteOwner","IsInherited":true,"InheritanceHash":"46b66b0abd4e73f940c5acadaf59fd61"},{"PrincipalSID":"DANTE.ADMIN-S-1-5-32-544","PrincipalType":"Group","RightName":"GenericWrite","IsInherited":true,"InheritanceHash":"46b66b0abd4e73f940c5acadaf59fd61"}],"ObjectIdentifier":"DANTE.ADMIN-S-1-5-32-560","IsDeleted":false,"IsACLProtected":false,"ContainedBy":{"ObjectIdentifier":"S-1-5-21-1107894465-4119991344-1603665553","ObjectType":"Domain"}},{"Properties":{"domain":"DANTE.ADMIN","name":"TERMINAL SERVER LICENSE SERVERS@DANTE.ADMIN","distinguishedname":"CN=TERMINAL SERVER LICENSE SERVERS,CN=BUILTIN,DC=DANTE,DC=ADMIN","domainsid":"S-1-5-21-1107894465-4119991344-1603665553","samaccountname":"Terminal Server License Servers","isaclprotected":false,"admincount":false},"Members":[],"Aces":[{"PrincipalSID":"S-1-5-21-1107894465-4119991344-1603665553-512","PrincipalType":"Group","RightName":"Owns","IsInherited":false,"InheritanceHash":null},{"PrincipalSID":"DANTE.ADMIN-S-1-5-32-548","PrincipalType":"Group","RightName":"GenericAll","IsInherited":false,"InheritanceHash":""},{"PrincipalSID":"S-1-5-21-1107894465-4119991344-1603665553-512","PrincipalType":"Group","RightName":"GenericAll","IsInherited":false,"InheritanceHash":""},{"PrincipalSID":"S-1-5-21-1107894465-4119991344-1603665553-519","PrincipalType":"Group","RightName":"GenericAll","IsInherited":true,"InheritanceHash":"39470d587c915e2c46f392584978c5a1"},{"PrincipalSID":"DANTE.ADMIN-S-1-5-32-544","PrincipalType":"Group","RightName":"WriteDacl","IsInherited":true,"InheritanceHash":"46b66b0abd4e73f940c5acadaf59fd61"},{"PrincipalSID":"DANTE.ADMIN-S-1-5-32-544","PrincipalType":"Group","RightName":"WriteOwner","IsInherited":true,"InheritanceHash":"46b66b0abd4e73f940c5acadaf59fd61"},{"PrincipalSID":"DANTE.ADMIN-S-1-5-32-544","PrincipalType":"Group","RightName":"GenericWrite","IsInherited":true,"InheritanceHash":"46b66b0abd4e73f940c5acadaf59fd61"}],"ObjectIdentifier":"DANTE.ADMIN-S-1-5-32-561","IsDeleted":false,"IsACLProtected":false,"ContainedBy":{"ObjectIdentifier":"S-1-5-21-1107894465-4119991344-1603665553","ObjectType":"Domain"}},{"Properties":{"domain":"DANTE.ADMIN","name":"ALLOWED RODC PASSWORD REPLICATION GROUP@DANTE.ADMIN","distinguishedname":"CN=ALLOWED RODC PASSWORD REPLICATION GROUP,CN=USERS,DC=DANTE,DC=ADMIN","domainsid":"S-1-5-21-1107894465-4119991344-1603665553","samaccountname":"Allowed RODC Password Replication Group","isaclprotected":false,"admincount":false},"Members":[],"Aces":[{"PrincipalSID":"S-1-5-21-1107894465-4119991344-1603665553-512","PrincipalType":"Group","RightName":"Owns","IsInherited":false,"InheritanceHash":null},{"PrincipalSID":"DANTE.ADMIN-S-1-5-32-548","PrincipalType":"Group","RightName":"GenericAll","IsInherited":false,"InheritanceHash":""},{"PrincipalSID":"S-1-5-21-1107894465-4119991344-1603665553-512","PrincipalType":"Group","RightName":"GenericAll","IsInherited":false,"InheritanceHash":""},{"PrincipalSID":"S-1-5-21-1107894465-4119991344-1603665553-519","PrincipalType":"Group","RightName":"GenericAll","IsInherited":true,"InheritanceHash":"39470d587c915e2c46f392584978c5a1"},{"PrincipalSID":"DANTE.ADMIN-S-1-5-32-544","PrincipalType":"Group","RightName":"WriteDacl","IsInherited":true,"InheritanceHash":"46b66b0abd4e73f940c5acadaf59fd61"},{"PrincipalSID":"DANTE.ADMIN-S-1-5-32-544","PrincipalType":"Group","RightName":"WriteOwner","IsInherited":true,"InheritanceHash":"46b66b0abd4e73f940c5acadaf59fd61"},{"PrincipalSID":"DANTE.ADMIN-S-1-5-32-544","PrincipalType":"Group","RightName":"GenericWrite","IsInherited":true,"InheritanceHash":"46b66b0abd4e73f940c5acadaf59fd61"}],"ObjectIdentifier":"S-1-5-21-1107894465-4119991344-1603665553-571","IsDeleted":false,"IsACLProtected":false,"ContainedBy":{"ObjectIdentifier":"56504B61-6ADD-408A-A15E-2D9C52D20CBD","ObjectType":"Container"}},{"Properties":{"domain":"DANTE.ADMIN","name":"DNSADMINS@DANTE.ADMIN","distinguishedname":"CN=DNSADMINS,CN=USERS,DC=DANTE,DC=ADMIN","domainsid":"S-1-5-21-1107894465-4119991344-1603665553","samaccountname":"DnsAdmins","isaclprotected":false,"admincount":false},"Members":[],"Aces":[{"PrincipalSID":"DANTE.ADMIN-S-1-5-32-548","PrincipalType":"Group","RightName":"GenericAll","IsInherited":false,"InheritanceHash":""},{"PrincipalSID":"S-1-5-21-1107894465-4119991344-1603665553-512","PrincipalType":"Group","RightName":"GenericAll","IsInherited":false,"InheritanceHash":""},{"PrincipalSID":"S-1-5-21-1107894465-4119991344-1603665553-519","PrincipalType":"Group","RightName":"GenericAll","IsInherited":true,"InheritanceHash":"39470d587c915e2c46f392584978c5a1"},{"PrincipalSID":"DANTE.ADMIN-S-1-5-32-544","PrincipalType":"Group","RightName":"WriteDacl","IsInherited":true,"InheritanceHash":"46b66b0abd4e73f940c5acadaf59fd61"},{"PrincipalSID":"DANTE.ADMIN-S-1-5-32-544","PrincipalType":"Group","RightName":"WriteOwner","IsInherited":true,"InheritanceHash":"46b66b0abd4e73f940c5acadaf59fd61"},{"PrincipalSID":"DANTE.ADMIN-S-1-5-32-544","PrincipalType":"Group","RightName":"GenericWrite","IsInherited":true,"InheritanceHash":"46b66b0abd4e73f940c5acadaf59fd61"}],"ObjectIdentifier":"S-1-5-21-1107894465-4119991344-1603665553-1101","IsDeleted":false,"IsACLProtected":false,"ContainedBy":{"ObjectIdentifier":"56504B61-6ADD-408A-A15E-2D9C52D20CBD","ObjectType":"Container"}},{"Properties":{"domain":"DANTE.ADMIN","name":"DOMAIN COMPUTERS@DANTE.ADMIN","distinguishedname":"CN=DOMAIN COMPUTERS,CN=USERS,DC=DANTE,DC=ADMIN","domainsid":"S-1-5-21-1107894465-4119991344-1603665553","samaccountname":"Domain Computers","isaclprotected":false,"admincount":false},"Members":[],"Aces":[{"PrincipalSID":"S-1-5-21-1107894465-4119991344-1603665553-512","PrincipalType":"Group","RightName":"Owns","IsInherited":false,"InheritanceHash":null},{"PrincipalSID":"DANTE.ADMIN-S-1-5-32-548","PrincipalType":"Group","RightName":"GenericAll","IsInherited":false,"InheritanceHash":""},{"PrincipalSID":"S-1-5-21-1107894465-4119991344-1603665553-512","PrincipalType":"Group","RightName":"GenericAll","IsInherited":false,"InheritanceHash":""},{"PrincipalSID":"S-1-5-21-1107894465-4119991344-1603665553-519","PrincipalType":"Group","RightName":"GenericAll","IsInherited":true,"InheritanceHash":"39470d587c915e2c46f392584978c5a1"},{"PrincipalSID":"DANTE.ADMIN-S-1-5-32-544","PrincipalType":"Group","RightName":"WriteDacl","IsInherited":true,"InheritanceHash":"46b66b0abd4e73f940c5acadaf59fd61"},{"PrincipalSID":"DANTE.ADMIN-S-1-5-32-544","PrincipalType":"Group","RightName":"WriteOwner","IsInherited":true,"InheritanceHash":"46b66b0abd4e73f940c5acadaf59fd61"},{"PrincipalSID":"DANTE.ADMIN-S-1-5-32-544","PrincipalType":"Group","RightName":"GenericWrite","IsInherited":true,"InheritanceHash":"46b66b0abd4e73f940c5acadaf59fd61"}],"ObjectIdentifier":"S-1-5-21-1107894465-4119991344-1603665553-515","IsDeleted":false,"IsACLProtected":false,"ContainedBy":{"ObjectIdentifier":"56504B61-6ADD-408A-A15E-2D9C52D20CBD","ObjectType":"Container"}},{"Properties":{"domain":"DANTE.ADMIN","name":"DOMAIN CONTROLLERS@DANTE.ADMIN","distinguishedname":"CN=DOMAIN CONTROLLERS,CN=USERS,DC=DANTE,DC=ADMIN","domainsid":"S-1-5-21-1107894465-4119991344-1603665553","samaccountname":"Domain Controllers","isaclprotected":true,"admincount":false},"Members":[],"Aces":[{"PrincipalSID":"S-1-5-21-1107894465-4119991344-1603665553-512","PrincipalType":"Group","RightName":"Owns","IsInherited":false,"InheritanceHash":null},{"PrincipalSID":"DANTE.ADMIN-S-1-5-32-544","PrincipalType":"Group","RightName":"WriteDacl","IsInherited":false,"InheritanceHash":""},{"PrincipalSID":"DANTE.ADMIN-S-1-5-32-544","PrincipalType":"Group","RightName":"WriteOwner","IsInherited":false,"InheritanceHash":""},{"PrincipalSID":"DANTE.ADMIN-S-1-5-32-544","PrincipalType":"Group","RightName":"GenericWrite","IsInherited":false,"InheritanceHash":""},{"PrincipalSID":"S-1-5-21-1107894465-4119991344-1603665553-512","PrincipalType":"Group","RightName":"WriteDacl","IsInherited":false,"InheritanceHash":""},{"PrincipalSID":"S-1-5-21-1107894465-4119991344-1603665553-512","PrincipalType":"Group","RightName":"WriteOwner","IsInherited":false,"InheritanceHash":""},{"PrincipalSID":"S-1-5-21-1107894465-4119991344-1603665553-512","PrincipalType":"Group","RightName":"GenericWrite","IsInherited":false,"InheritanceHash":""},{"PrincipalSID":"S-1-5-21-1107894465-4119991344-1603665553-519","PrincipalType":"Group","RightName":"WriteDacl","IsInherited":false,"InheritanceHash":""},{"PrincipalSID":"S-1-5-21-1107894465-4119991344-1603665553-519","PrincipalType":"Group","RightName":"WriteOwner","IsInherited":false,"InheritanceHash":""},{"PrincipalSID":"S-1-5-21-1107894465-4119991344-1603665553-519","PrincipalType":"Group","RightName":"GenericWrite","IsInherited":false,"InheritanceHash":""}],"ObjectIdentifier":"S-1-5-21-1107894465-4119991344-1603665553-516","IsDeleted":false,"IsACLProtected":true,"ContainedBy":{"ObjectIdentifier":"56504B61-6ADD-408A-A15E-2D9C52D20CBD","ObjectType":"Container"}},{"Properties":{"domain":"DANTE.ADMIN","name":"SCHEMA ADMINS@DANTE.ADMIN","distinguishedname":"CN=SCHEMA ADMINS,CN=USERS,DC=DANTE,DC=ADMIN","domainsid":"S-1-5-21-1107894465-4119991344-1603665553","samaccountname":"Schema Admins","isaclprotected":true,"admincount":false},"Members":[{"ObjectIdentifier":"S-1-5-21-1107894465-4119991344-1603665553-500","ObjectType":"User"}],"Aces":[{"PrincipalSID":"S-1-5-21-1107894465-4119991344-1603665553-512","PrincipalType":"Group","RightName":"Owns","IsInherited":false,"InheritanceHash":null},{"PrincipalSID":"DANTE.ADMIN-S-1-5-32-544","PrincipalType":"Group","RightName":"WriteDacl","IsInherited":false,"InheritanceHash":""},{"PrincipalSID":"DANTE.ADMIN-S-1-5-32-544","PrincipalType":"Group","RightName":"WriteOwner","IsInherited":false,"InheritanceHash":""},{"PrincipalSID":"DANTE.ADMIN-S-1-5-32-544","PrincipalType":"Group","RightName":"GenericWrite","IsInherited":false,"InheritanceHash":""},{"PrincipalSID":"S-1-5-21-1107894465-4119991344-1603665553-512","PrincipalType":"Group","RightName":"WriteDacl","IsInherited":false,"InheritanceHash":""},{"PrincipalSID":"S-1-5-21-1107894465-4119991344-1603665553-512","PrincipalType":"Group","RightName":"WriteOwner","IsInherited":false,"InheritanceHash":""},{"PrincipalSID":"S-1-5-21-1107894465-4119991344-1603665553-512","PrincipalType":"Group","RightName":"GenericWrite","IsInherited":false,"InheritanceHash":""},{"PrincipalSID":"S-1-5-21-1107894465-4119991344-1603665553-519","PrincipalType":"Group","RightName":"WriteDacl","IsInherited":false,"InheritanceHash":""},{"PrincipalSID":"S-1-5-21-1107894465-4119991344-1603665553-519","PrincipalType":"Group","RightName":"WriteOwner","IsInherited":false,"InheritanceHash":""},{"PrincipalSID":"S-1-5-21-1107894465-4119991344-1603665553-519","PrincipalType":"Group","RightName":"GenericWrite","IsInherited":false,"InheritanceHash":""}],"ObjectIdentifier":"S-1-5-21-1107894465-4119991344-1603665553-518","IsDeleted":false,"IsACLProtected":true,"ContainedBy":{"ObjectIdentifier":"56504B61-6ADD-408A-A15E-2D9C52D20CBD","ObjectType":"Container"}},{"Properties":{"domain":"DANTE.ADMIN","name":"ENTERPRISE ADMINS@DANTE.ADMIN","distinguishedname":"CN=ENTERPRISE ADMINS,CN=USERS,DC=DANTE,DC=ADMIN","domainsid":"S-1-5-21-1107894465-4119991344-1603665553","samaccountname":"Enterprise Admins","isaclprotected":true,"admincount":false},"Members":[{"ObjectIdentifier":"S-1-5-21-1107894465-4119991344-1603665553-500","ObjectType":"User"}],"Aces":[{"PrincipalSID":"S-1-5-21-1107894465-4119991344-1603665553-512","PrincipalType":"Group","RightName":"Owns","IsInherited":false,"InheritanceHash":null},{"PrincipalSID":"DANTE.ADMIN-S-1-5-32-544","PrincipalType":"Group","RightName":"WriteDacl","IsInherited":false,"InheritanceHash":""},{"PrincipalSID":"DANTE.ADMIN-S-1-5-32-544","PrincipalType":"Group","RightName":"WriteOwner","IsInherited":false,"InheritanceHash":""},{"PrincipalSID":"DANTE.ADMIN-S-1-5-32-544","PrincipalType":"Group","RightName":"GenericWrite","IsInherited":false,"InheritanceHash":""},{"PrincipalSID":"S-1-5-21-1107894465-4119991344-1603665553-512","PrincipalType":"Group","RightName":"WriteDacl","IsInherited":false,"InheritanceHash":""},{"PrincipalSID":"S-1-5-21-1107894465-4119991344-1603665553-512","PrincipalType":"Group","RightName":"WriteOwner","IsInherited":false,"InheritanceHash":""},{"PrincipalSID":"S-1-5-21-1107894465-4119991344-1603665553-512","PrincipalType":"Group","RightName":"GenericWrite","IsInherited":false,"InheritanceHash":""},{"PrincipalSID":"S-1-5-21-1107894465-4119991344-1603665553-519","PrincipalType":"Group","RightName":"WriteDacl","IsInherited":false,"InheritanceHash":""},{"PrincipalSID":"S-1-5-21-1107894465-4119991344-1603665553-519","PrincipalType":"Group","RightName":"WriteOwner","IsInherited":false,"InheritanceHash":""},{"PrincipalSID":"S-1-5-21-1107894465-4119991344-1603665553-519","PrincipalType":"Group","RightName":"GenericWrite","IsInherited":false,"InheritanceHash":""}],"ObjectIdentifier":"S-1-5-21-1107894465-4119991344-1603665553-519","IsDeleted":false,"IsACLProtected":true,"ContainedBy":{"ObjectIdentifier":"56504B61-6ADD-408A-A15E-2D9C52D20CBD","ObjectType":"Container"}},{"Properties":{"domain":"DANTE.ADMIN","name":"DOMAIN ADMINS@DANTE.ADMIN","distinguishedname":"CN=DOMAIN ADMINS,CN=USERS,DC=DANTE,DC=ADMIN","domainsid":"S-1-5-21-1107894465-4119991344-1603665553","samaccountname":"Domain Admins","isaclprotected":true,"admincount":false},"Members":[{"ObjectIdentifier":"S-1-5-21-1107894465-4119991344-1603665553-500","ObjectType":"User"}],"Aces":[{"PrincipalSID":"S-1-5-21-1107894465-4119991344-1603665553-512","PrincipalType":"Group","RightName":"Owns","IsInherited":false,"InheritanceHash":null},{"PrincipalSID":"DANTE.ADMIN-S-1-5-32-544","PrincipalType":"Group","RightName":"WriteDacl","IsInherited":false,"InheritanceHash":""},{"PrincipalSID":"DANTE.ADMIN-S-1-5-32-544","PrincipalType":"Group","RightName":"WriteOwner","IsInherited":false,"InheritanceHash":""},{"PrincipalSID":"DANTE.ADMIN-S-1-5-32-544","PrincipalType":"Group","RightName":"GenericWrite","IsInherited":false,"InheritanceHash":""},{"PrincipalSID":"S-1-5-21-1107894465-4119991344-1603665553-512","PrincipalType":"Group","RightName":"WriteDacl","IsInherited":false,"InheritanceHash":""},{"PrincipalSID":"S-1-5-21-1107894465-4119991344-1603665553-512","PrincipalType":"Group","RightName":"WriteOwner","IsInherited":false,"InheritanceHash":""},{"PrincipalSID":"S-1-5-21-1107894465-4119991344-1603665553-512","PrincipalType":"Group","RightName":"GenericWrite","IsInherited":false,"InheritanceHash":""},{"PrincipalSID":"S-1-5-21-1107894465-4119991344-1603665553-519","PrincipalType":"Group","RightName":"WriteDacl","IsInherited":false,"InheritanceHash":""},{"PrincipalSID":"S-1-5-21-1107894465-4119991344-1603665553-519","PrincipalType":"Group","RightName":"WriteOwner","IsInherited":false,"InheritanceHash":""},{"PrincipalSID":"S-1-5-21-1107894465-4119991344-1603665553-519","PrincipalType":"Group","RightName":"GenericWrite","IsInherited":false,"InheritanceHash":""}],"ObjectIdentifier":"S-1-5-21-1107894465-4119991344-1603665553-512","IsDeleted":false,"IsACLProtected":true,"ContainedBy":{"ObjectIdentifier":"56504B61-6ADD-408A-A15E-2D9C52D20CBD","ObjectType":"Container"}},{"Properties":{"domain":"DANTE.ADMIN","name":"DOMAIN USERS@DANTE.ADMIN","distinguishedname":"CN=DOMAIN USERS,CN=USERS,DC=DANTE,DC=ADMIN","domainsid":"S-1-5-21-1107894465-4119991344-1603665553","samaccountname":"Domain Users","isaclprotected":false,"admincount":false},"Members":[],"Aces":[{"PrincipalSID":"S-1-5-21-1107894465-4119991344-1603665553-512","PrincipalType":"Group","RightName":"Owns","IsInherited":false,"InheritanceHash":null},{"PrincipalSID":"DANTE.ADMIN-S-1-5-32-548","PrincipalType":"Group","RightName":"GenericAll","IsInherited":false,"InheritanceHash":""},{"PrincipalSID":"S-1-5-21-1107894465-4119991344-1603665553-512","PrincipalType":"Group","RightName":"GenericAll","IsInherited":false,"InheritanceHash":""},{"PrincipalSID":"S-1-5-21-1107894465-4119991344-1603665553-519","PrincipalType":"Group","RightName":"GenericAll","IsInherited":true,"InheritanceHash":"39470d587c915e2c46f392584978c5a1"},{"PrincipalSID":"DANTE.ADMIN-S-1-5-32-544","PrincipalType":"Group","RightName":"WriteDacl","IsInherited":true,"InheritanceHash":"46b66b0abd4e73f940c5acadaf59fd61"},{"PrincipalSID":"DANTE.ADMIN-S-1-5-32-544","PrincipalType":"Group","RightName":"WriteOwner","IsInherited":true,"InheritanceHash":"46b66b0abd4e73f940c5acadaf59fd61"},{"PrincipalSID":"DANTE.ADMIN-S-1-5-32-544","PrincipalType":"Group","RightName":"GenericWrite","IsInherited":true,"InheritanceHash":"46b66b0abd4e73f940c5acadaf59fd61"}],"ObjectIdentifier":"S-1-5-21-1107894465-4119991344-1603665553-513","IsDeleted":false,"IsACLProtected":false,"ContainedBy":{"ObjectIdentifier":"56504B61-6ADD-408A-A15E-2D9C52D20CBD","ObjectType":"Container"}},{"Properties":{"domain":"DANTE.ADMIN","name":"DENIED RODC PASSWORD REPLICATION GROUP@DANTE.ADMIN","distinguishedname":"CN=DENIED RODC PASSWORD REPLICATION GROUP,CN=USERS,DC=DANTE,DC=ADMIN","domainsid":"S-1-5-21-1107894465-4119991344-1603665553","samaccountname":"Denied RODC Password Replication Group","isaclprotected":false,"admincount":false},"Members":[{"ObjectIdentifier":"S-1-5-21-1107894465-4119991344-1603665553-521","ObjectType":"Group"},{"ObjectIdentifier":"S-1-5-21-1107894465-4119991344-1603665553-520","ObjectType":"Group"},{"ObjectIdentifier":"S-1-5-21-1107894465-4119991344-1603665553-512","ObjectType":"Group"},{"ObjectIdentifier":"S-1-5-21-1107894465-4119991344-1603665553-517","ObjectType":"Group"},{"ObjectIdentifier":"S-1-5-21-1107894465-4119991344-1603665553-519","ObjectType":"Group"},{"ObjectIdentifier":"S-1-5-21-1107894465-4119991344-1603665553-518","ObjectType":"Group"},{"ObjectIdentifier":"S-1-5-21-1107894465-4119991344-1603665553-516","ObjectType":"Group"},{"ObjectIdentifier":"S-1-5-21-1107894465-4119991344-1603665553-502","ObjectType":"User"}],"Aces":[{"PrincipalSID":"S-1-5-21-1107894465-4119991344-1603665553-512","PrincipalType":"Group","RightName":"Owns","IsInherited":false,"InheritanceHash":null},{"PrincipalSID":"DANTE.ADMIN-S-1-5-32-548","PrincipalType":"Group","RightName":"GenericAll","IsInherited":false,"InheritanceHash":""},{"PrincipalSID":"S-1-5-21-1107894465-4119991344-1603665553-512","PrincipalType":"Group","RightName":"GenericAll","IsInherited":false,"InheritanceHash":""},{"PrincipalSID":"S-1-5-21-1107894465-4119991344-1603665553-519","PrincipalType":"Group","RightName":"GenericAll","IsInherited":true,"InheritanceHash":"39470d587c915e2c46f392584978c5a1"},{"PrincipalSID":"DANTE.ADMIN-S-1-5-32-544","PrincipalType":"Group","RightName":"WriteDacl","IsInherited":true,"InheritanceHash":"46b66b0abd4e73f940c5acadaf59fd61"},{"PrincipalSID":"DANTE.ADMIN-S-1-5-32-544","PrincipalType":"Group","RightName":"WriteOwner","IsInherited":true,"InheritanceHash":"46b66b0abd4e73f940c5acadaf59fd61"},{"PrincipalSID":"DANTE.ADMIN-S-1-5-32-544","PrincipalType":"Group","RightName":"GenericWrite","IsInherited":true,"InheritanceHash":"46b66b0abd4e73f940c5acadaf59fd61"}],"ObjectIdentifier":"S-1-5-21-1107894465-4119991344-1603665553-572","IsDeleted":false,"IsACLProtected":false,"ContainedBy":{"ObjectIdentifier":"56504B61-6ADD-408A-A15E-2D9C52D20CBD","ObjectType":"Container"}},{"Properties":{"domain":"DANTE.ADMIN","name":"GROUP POLICY CREATOR OWNERS@DANTE.ADMIN","distinguishedname":"CN=GROUP POLICY CREATOR OWNERS,CN=USERS,DC=DANTE,DC=ADMIN","domainsid":"S-1-5-21-1107894465-4119991344-1603665553","samaccountname":"Group Policy Creator Owners","isaclprotected":false,"admincount":false},"Members":[{"ObjectIdentifier":"S-1-5-21-1107894465-4119991344-1603665553-500","ObjectType":"User"}],"Aces":[{"PrincipalSID":"S-1-5-21-1107894465-4119991344-1603665553-512","PrincipalType":"Group","RightName":"Owns","IsInherited":false,"InheritanceHash":null},{"PrincipalSID":"DANTE.ADMIN-S-1-5-32-548","PrincipalType":"Group","RightName":"GenericAll","IsInherited":false,"InheritanceHash":""},{"PrincipalSID":"S-1-5-21-1107894465-4119991344-1603665553-512","PrincipalType":"Group","RightName":"GenericAll","IsInherited":false,"InheritanceHash":""},{"PrincipalSID":"S-1-5-21-1107894465-4119991344-1603665553-519","PrincipalType":"Group","RightName":"GenericAll","IsInherited":true,"InheritanceHash":"39470d587c915e2c46f392584978c5a1"},{"PrincipalSID":"DANTE.ADMIN-S-1-5-32-544","PrincipalType":"Group","RightName":"WriteDacl","IsInherited":true,"InheritanceHash":"46b66b0abd4e73f940c5acadaf59fd61"},{"PrincipalSID":"DANTE.ADMIN-S-1-5-32-544","PrincipalType":"Group","RightName":"WriteOwner","IsInherited":true,"InheritanceHash":"46b66b0abd4e73f940c5acadaf59fd61"},{"PrincipalSID":"DANTE.ADMIN-S-1-5-32-544","PrincipalType":"Group","RightName":"GenericWrite","IsInherited":true,"InheritanceHash":"46b66b0abd4e73f940c5acadaf59fd61"}],"ObjectIdentifier":"S-1-5-21-1107894465-4119991344-1603665553-520","IsDeleted":false,"IsACLProtected":false,"ContainedBy":{"ObjectIdentifier":"56504B61-6ADD-408A-A15E-2D9C52D20CBD","ObjectType":"Container"}},{"Properties":{"domain":"DANTE.ADMIN","name":"DOMAIN GUESTS@DANTE.ADMIN","distinguishedname":"CN=DOMAIN GUESTS,CN=USERS,DC=DANTE,DC=ADMIN","domainsid":"S-1-5-21-1107894465-4119991344-1603665553","samaccountname":"Domain Guests","isaclprotected":false,"admincount":false},"Members":[],"Aces":[{"PrincipalSID":"S-1-5-21-1107894465-4119991344-1603665553-512","PrincipalType":"Group","RightName":"Owns","IsInherited":false,"InheritanceHash":null},{"PrincipalSID":"DANTE.ADMIN-S-1-5-32-548","PrincipalType":"Group","RightName":"GenericAll","IsInherited":false,"InheritanceHash":""},{"PrincipalSID":"S-1-5-21-1107894465-4119991344-1603665553-512","PrincipalType":"Group","RightName":"GenericAll","IsInherited":false,"InheritanceHash":""},{"PrincipalSID":"S-1-5-21-1107894465-4119991344-1603665553-519","PrincipalType":"Group","RightName":"GenericAll","IsInherited":true,"InheritanceHash":"39470d587c915e2c46f392584978c5a1"},{"PrincipalSID":"DANTE.ADMIN-S-1-5-32-544","PrincipalType":"Group","RightName":"WriteDacl","IsInherited":true,"InheritanceHash":"46b66b0abd4e73f940c5acadaf59fd61"},{"PrincipalSID":"DANTE.ADMIN-S-1-5-32-544","PrincipalType":"Group","RightName":"WriteOwner","IsInherited":true,"InheritanceHash":"46b66b0abd4e73f940c5acadaf59fd61"},{"PrincipalSID":"DANTE.ADMIN-S-1-5-32-544","PrincipalType":"Group","RightName":"GenericWrite","IsInherited":true,"InheritanceHash":"46b66b0abd4e73f940c5acadaf59fd61"}],"ObjectIdentifier":"S-1-5-21-1107894465-4119991344-1603665553-514","IsDeleted":false,"IsACLProtected":false,"ContainedBy":{"ObjectIdentifier":"56504B61-6ADD-408A-A15E-2D9C52D20CBD","ObjectType":"Container"}},{"Properties":{"domain":"DANTE.ADMIN","name":"READ-ONLY DOMAIN CONTROLLERS@DANTE.ADMIN","distinguishedname":"CN=READ-ONLY DOMAIN CONTROLLERS,CN=USERS,DC=DANTE,DC=ADMIN","domainsid":"S-1-5-21-1107894465-4119991344-1603665553","samaccountname":"Read-only Domain Controllers","isaclprotected":true,"admincount":false},"Members":[],"Aces":[{"PrincipalSID":"S-1-5-21-1107894465-4119991344-1603665553-512","PrincipalType":"Group","RightName":"Owns","IsInherited":false,"InheritanceHash":null},{"PrincipalSID":"DANTE.ADMIN-S-1-5-32-544","PrincipalType":"Group","RightName":"WriteDacl","IsInherited":false,"InheritanceHash":""},{"PrincipalSID":"DANTE.ADMIN-S-1-5-32-544","PrincipalType":"Group","RightName":"WriteOwner","IsInherited":false,"InheritanceHash":""},{"PrincipalSID":"DANTE.ADMIN-S-1-5-32-544","PrincipalType":"Group","RightName":"GenericWrite","IsInherited":false,"InheritanceHash":""},{"PrincipalSID":"S-1-5-21-1107894465-4119991344-1603665553-512","PrincipalType":"Group","RightName":"WriteDacl","IsInherited":false,"InheritanceHash":""},{"PrincipalSID":"S-1-5-21-1107894465-4119991344-1603665553-512","PrincipalType":"Group","RightName":"WriteOwner","IsInherited":false,"InheritanceHash":""},{"PrincipalSID":"S-1-5-21-1107894465-4119991344-1603665553-512","PrincipalType":"Group","RightName":"GenericWrite","IsInherited":false,"InheritanceHash":""},{"PrincipalSID":"S-1-5-21-1107894465-4119991344-1603665553-519","PrincipalType":"Group","RightName":"WriteDacl","IsInherited":false,"InheritanceHash":""},{"PrincipalSID":"S-1-5-21-1107894465-4119991344-1603665553-519","PrincipalType":"Group","RightName":"WriteOwner","IsInherited":false,"InheritanceHash":""},{"PrincipalSID":"S-1-5-21-1107894465-4119991344-1603665553-519","PrincipalType":"Group","RightName":"GenericWrite","IsInherited":false,"InheritanceHash":""}],"ObjectIdentifier":"S-1-5-21-1107894465-4119991344-1603665553-521","IsDeleted":false,"IsACLProtected":true,"ContainedBy":{"ObjectIdentifier":"56504B61-6ADD-408A-A15E-2D9C52D20CBD","ObjectType":"Container"}},{"Properties":{"domain":"DANTE.ADMIN","name":"ENTERPRISE READ-ONLY DOMAIN CONTROLLERS@DANTE.ADMIN","distinguishedname":"CN=ENTERPRISE READ-ONLY DOMAIN CONTROLLERS,CN=USERS,DC=DANTE,DC=ADMIN","domainsid":"S-1-5-21-1107894465-4119991344-1603665553","samaccountname":"Enterprise Read-only Domain Controllers","isaclprotected":false,"admincount":false},"Members":[],"Aces":[{"PrincipalSID":"S-1-5-21-1107894465-4119991344-1603665553-512","PrincipalType":"Group","RightName":"Owns","IsInherited":false,"InheritanceHash":null},{"PrincipalSID":"DANTE.ADMIN-S-1-5-32-548","PrincipalType":"Group","RightName":"GenericAll","IsInherited":false,"InheritanceHash":""},{"PrincipalSID":"S-1-5-21-1107894465-4119991344-1603665553-512","PrincipalType":"Group","RightName":"GenericAll","IsInherited":false,"InheritanceHash":""},{"PrincipalSID":"S-1-5-21-1107894465-4119991344-1603665553-519","PrincipalType":"Group","RightName":"GenericAll","IsInherited":true,"InheritanceHash":"39470d587c915e2c46f392584978c5a1"},{"PrincipalSID":"DANTE.ADMIN-S-1-5-32-544","PrincipalType":"Group","RightName":"WriteDacl","IsInherited":true,"InheritanceHash":"46b66b0abd4e73f940c5acadaf59fd61"},{"PrincipalSID":"DANTE.ADMIN-S-1-5-32-544","PrincipalType":"Group","RightName":"WriteOwner","IsInherited":true,"InheritanceHash":"46b66b0abd4e73f940c5acadaf59fd61"},{"PrincipalSID":"DANTE.ADMIN-S-1-5-32-544","PrincipalType":"Group","RightName":"GenericWrite","IsInherited":true,"InheritanceHash":"46b66b0abd4e73f940c5acadaf59fd61"}],"ObjectIdentifier":"S-1-5-21-1107894465-4119991344-1603665553-498","IsDeleted":false,"IsACLProtected":false,"ContainedBy":{"ObjectIdentifier":"56504B61-6ADD-408A-A15E-2D9C52D20CBD","ObjectType":"Container"}},{"Properties":{"domain":"DANTE.ADMIN","name":"PROTECTED USERS@DANTE.ADMIN","distinguishedname":"CN=PROTECTED USERS,CN=USERS,DC=DANTE,DC=ADMIN","domainsid":"S-1-5-21-1107894465-4119991344-1603665553","samaccountname":"Protected Users","isaclprotected":false,"admincount":false},"Members":[],"Aces":[{"PrincipalSID":"S-1-5-21-1107894465-4119991344-1603665553-512","PrincipalType":"Group","RightName":"Owns","IsInherited":false,"InheritanceHash":null},{"PrincipalSID":"DANTE.ADMIN-S-1-5-32-548","PrincipalType":"Group","RightName":"GenericAll","IsInherited":false,"InheritanceHash":""},{"PrincipalSID":"S-1-5-21-1107894465-4119991344-1603665553-512","PrincipalType":"Group","RightName":"GenericAll","IsInherited":false,"InheritanceHash":""},{"PrincipalSID":"S-1-5-21-1107894465-4119991344-1603665553-519","PrincipalType":"Group","RightName":"GenericAll","IsInherited":true,"InheritanceHash":"39470d587c915e2c46f392584978c5a1"},{"PrincipalSID":"DANTE.ADMIN-S-1-5-32-544","PrincipalType":"Group","RightName":"WriteDacl","IsInherited":true,"InheritanceHash":"46b66b0abd4e73f940c5acadaf59fd61"},{"PrincipalSID":"DANTE.ADMIN-S-1-5-32-544","PrincipalType":"Group","RightName":"WriteOwner","IsInherited":true,"InheritanceHash":"46b66b0abd4e73f940c5acadaf59fd61"},{"PrincipalSID":"DANTE.ADMIN-S-1-5-32-544","PrincipalType":"Group","RightName":"GenericWrite","IsInherited":true,"InheritanceHash":"46b66b0abd4e73f940c5acadaf59fd61"}],"ObjectIdentifier":"S-1-5-21-1107894465-4119991344-1603665553-525","IsDeleted":false,"IsACLProtected":false,"ContainedBy":{"ObjectIdentifier":"56504B61-6ADD-408A-A15E-2D9C52D20CBD","ObjectType":"Container"}},{"Properties":{"domain":"DANTE.ADMIN","name":"KEY ADMINS@DANTE.ADMIN","distinguishedname":"CN=KEY ADMINS,CN=USERS,DC=DANTE,DC=ADMIN","domainsid":"S-1-5-21-1107894465-4119991344-1603665553","samaccountname":"Key Admins","isaclprotected":true,"admincount":false},"Members":[],"Aces":[{"PrincipalSID":"S-1-5-21-1107894465-4119991344-1603665553-512","PrincipalType":"Group","RightName":"Owns","IsInherited":false,"InheritanceHash":null},{"PrincipalSID":"DANTE.ADMIN-S-1-5-32-544","PrincipalType":"Group","RightName":"WriteDacl","IsInherited":false,"InheritanceHash":""},{"PrincipalSID":"DANTE.ADMIN-S-1-5-32-544","PrincipalType":"Group","RightName":"WriteOwner","IsInherited":false,"InheritanceHash":""},{"PrincipalSID":"DANTE.ADMIN-S-1-5-32-544","PrincipalType":"Group","RightName":"GenericWrite","IsInherited":false,"InheritanceHash":""},{"PrincipalSID":"S-1-5-21-1107894465-4119991344-1603665553-512","PrincipalType":"Group","RightName":"WriteDacl","IsInherited":false,"InheritanceHash":""},{"PrincipalSID":"S-1-5-21-1107894465-4119991344-1603665553-512","PrincipalType":"Group","RightName":"WriteOwner","IsInherited":false,"InheritanceHash":""},{"PrincipalSID":"S-1-5-21-1107894465-4119991344-1603665553-512","PrincipalType":"Group","RightName":"GenericWrite","IsInherited":false,"InheritanceHash":""},{"PrincipalSID":"S-1-5-21-1107894465-4119991344-1603665553-519","PrincipalType":"Group","RightName":"WriteDacl","IsInherited":false,"InheritanceHash":""},{"PrincipalSID":"S-1-5-21-1107894465-4119991344-1603665553-519","PrincipalType":"Group","RightName":"WriteOwner","IsInherited":false,"InheritanceHash":""},{"PrincipalSID":"S-1-5-21-1107894465-4119991344-1603665553-519","PrincipalType":"Group","RightName":"GenericWrite","IsInherited":false,"InheritanceHash":""}],"ObjectIdentifier":"S-1-5-21-1107894465-4119991344-1603665553-526","IsDeleted":false,"IsACLProtected":true,"ContainedBy":{"ObjectIdentifier":"56504B61-6ADD-408A-A15E-2D9C52D20CBD","ObjectType":"Container"}},{"Properties":{"domain":"DANTE.ADMIN","name":"ENTERPRISE KEY ADMINS@DANTE.ADMIN","distinguishedname":"CN=ENTERPRISE KEY ADMINS,CN=USERS,DC=DANTE,DC=ADMIN","domainsid":"S-1-5-21-1107894465-4119991344-1603665553","samaccountname":"Enterprise Key Admins","isaclprotected":true,"admincount":false},"Members":[],"Aces":[{"PrincipalSID":"S-1-5-21-1107894465-4119991344-1603665553-512","PrincipalType":"Group","RightName":"Owns","IsInherited":false,"InheritanceHash":null},{"PrincipalSID":"DANTE.ADMIN-S-1-5-32-544","PrincipalType":"Group","RightName":"WriteDacl","IsInherited":false,"InheritanceHash":""},{"PrincipalSID":"DANTE.ADMIN-S-1-5-32-544","PrincipalType":"Group","RightName":"WriteOwner","IsInherited":false,"InheritanceHash":""},{"PrincipalSID":"DANTE.ADMIN-S-1-5-32-544","PrincipalType":"Group","RightName":"GenericWrite","IsInherited":false,"InheritanceHash":""},{"PrincipalSID":"S-1-5-21-1107894465-4119991344-1603665553-512","PrincipalType":"Group","RightName":"WriteDacl","IsInherited":false,"InheritanceHash":""},{"PrincipalSID":"S-1-5-21-1107894465-4119991344-1603665553-512","PrincipalType":"Group","RightName":"WriteOwner","IsInherited":false,"InheritanceHash":""},{"PrincipalSID":"S-1-5-21-1107894465-4119991344-1603665553-512","PrincipalType":"Group","RightName":"GenericWrite","IsInherited":false,"InheritanceHash":""},{"PrincipalSID":"S-1-5-21-1107894465-4119991344-1603665553-519","PrincipalType":"Group","RightName":"WriteDacl","IsInherited":false,"InheritanceHash":""},{"PrincipalSID":"S-1-5-21-1107894465-4119991344-1603665553-519","PrincipalType":"Group","RightName":"WriteOwner","IsInherited":false,"InheritanceHash":""},{"PrincipalSID":"S-1-5-21-1107894465-4119991344-1603665553-519","PrincipalType":"Group","RightName":"GenericWrite","IsInherited":false,"InheritanceHash":""}],"ObjectIdentifier":"S-1-5-21-1107894465-4119991344-1603665553-527","IsDeleted":false,"IsACLProtected":true,"ContainedBy":{"ObjectIdentifier":"56504B61-6ADD-408A-A15E-2D9C52D20CBD","ObjectType":"Container"}},{"Properties":{"domain":"DANTE.ADMIN","name":"DNSUPDATEPROXY@DANTE.ADMIN","distinguishedname":"CN=DNSUPDATEPROXY,CN=USERS,DC=DANTE,DC=ADMIN","domainsid":"S-1-5-21-1107894465-4119991344-1603665553","samaccountname":"DnsUpdateProxy","isaclprotected":false,"admincount":false},"Members":[],"Aces":[{"PrincipalSID":"DANTE.ADMIN-S-1-5-32-548","PrincipalType":"Group","RightName":"GenericAll","IsInherited":false,"InheritanceHash":""},{"PrincipalSID":"S-1-5-21-1107894465-4119991344-1603665553-512","PrincipalType":"Group","RightName":"GenericAll","IsInherited":false,"InheritanceHash":""},{"PrincipalSID":"S-1-5-21-1107894465-4119991344-1603665553-519","PrincipalType":"Group","RightName":"GenericAll","IsInherited":true,"InheritanceHash":"39470d587c915e2c46f392584978c5a1"},{"PrincipalSID":"DANTE.ADMIN-S-1-5-32-544","PrincipalType":"Group","RightName":"WriteDacl","IsInherited":true,"InheritanceHash":"46b66b0abd4e73f940c5acadaf59fd61"},{"PrincipalSID":"DANTE.ADMIN-S-1-5-32-544","PrincipalType":"Group","RightName":"WriteOwner","IsInherited":true,"InheritanceHash":"46b66b0abd4e73f940c5acadaf59fd61"},{"PrincipalSID":"DANTE.ADMIN-S-1-5-32-544","PrincipalType":"Group","RightName":"GenericWrite","IsInherited":true,"InheritanceHash":"46b66b0abd4e73f940c5acadaf59fd61"}],"ObjectIdentifier":"S-1-5-21-1107894465-4119991344-1603665553-1102","IsDeleted":false,"IsACLProtected":false,"ContainedBy":{"ObjectIdentifier":"56504B61-6ADD-408A-A15E-2D9C52D20CBD","ObjectType":"Container"}},{"Properties":{"domain":"DANTE.ADMIN","name":"CLONEABLE DOMAIN CONTROLLERS@DANTE.ADMIN","distinguishedname":"CN=CLONEABLE DOMAIN CONTROLLERS,CN=USERS,DC=DANTE,DC=ADMIN","domainsid":"S-1-5-21-1107894465-4119991344-1603665553","samaccountname":"Cloneable Domain Controllers","isaclprotected":false,"admincount":false},"Members":[],"Aces":[{"PrincipalSID":"S-1-5-21-1107894465-4119991344-1603665553-512","PrincipalType":"Group","RightName":"Owns","IsInherited":false,"InheritanceHash":null},{"PrincipalSID":"DANTE.ADMIN-S-1-5-32-548","PrincipalType":"Group","RightName":"GenericAll","IsInherited":false,"InheritanceHash":""},{"PrincipalSID":"S-1-5-21-1107894465-4119991344-1603665553-512","PrincipalType":"Group","RightName":"GenericAll","IsInherited":false,"InheritanceHash":""},{"PrincipalSID":"S-1-5-21-1107894465-4119991344-1603665553-519","PrincipalType":"Group","RightName":"GenericAll","IsInherited":true,"InheritanceHash":"39470d587c915e2c46f392584978c5a1"},{"PrincipalSID":"DANTE.ADMIN-S-1-5-32-544","PrincipalType":"Group","RightName":"WriteDacl","IsInherited":true,"InheritanceHash":"46b66b0abd4e73f940c5acadaf59fd61"},{"PrincipalSID":"DANTE.ADMIN-S-1-5-32-544","PrincipalType":"Group","RightName":"WriteOwner","IsInherited":true,"InheritanceHash":"46b66b0abd4e73f940c5acadaf59fd61"},{"PrincipalSID":"DANTE.ADMIN-S-1-5-32-544","PrincipalType":"Group","RightName":"GenericWrite","IsInherited":true,"InheritanceHash":"46b66b0abd4e73f940c5acadaf59fd61"}],"ObjectIdentifier":"S-1-5-21-1107894465-4119991344-1603665553-522","IsDeleted":false,"IsACLProtected":false,"ContainedBy":{"ObjectIdentifier":"56504B61-6ADD-408A-A15E-2D9C52D20CBD","ObjectType":"Container"}},{"Properties":{"name":"USERS@DANTE.ADMIN","domainsid":"S-1-5-21-1107894465-4119991344-1603665553","domain":"DANTE.ADMIN","reconcile":false},"Members":[],"Aces":[],"ObjectIdentifier":"DANTE.ADMIN-S-1-5-32-545","IsDeleted":false,"IsACLProtected":false,"ContainedBy":null},{"Properties":{"name":"RDS MANAGEMENT SERVERS@DANTE.ADMIN","domainsid":"S-1-5-21-1107894465-4119991344-1603665553","domain":"DANTE.ADMIN","reconcile":false},"Members":[],"Aces":[],"ObjectIdentifier":"DANTE.ADMIN-S-1-5-32-577","IsDeleted":false,"IsACLProtected":false,"ContainedBy":null},{"Properties":{"name":"REPLICATORS@DANTE.ADMIN","domainsid":"S-1-5-21-1107894465-4119991344-1603665553","domain":"DANTE.ADMIN","reconcile":false},"Members":[],"Aces":[],"ObjectIdentifier":"DANTE.ADMIN-S-1-5-32-552","IsDeleted":false,"IsACLProtected":false,"ContainedBy":null},{"Properties":{"name":"PERFORMANCE MONITOR USERS@DANTE.ADMIN","domainsid":"S-1-5-21-1107894465-4119991344-1603665553","domain":"DANTE.ADMIN","reconcile":false},"Members":[],"Aces":[],"ObjectIdentifier":"DANTE.ADMIN-S-1-5-32-558","IsDeleted":false,"IsACLProtected":false,"ContainedBy":null},{"Properties":{"name":"CRYPTOGRAPHIC OPERATORS@DANTE.ADMIN","domainsid":"S-1-5-21-1107894465-4119991344-1603665553","domain":"DANTE.ADMIN","reconcile":false},"Members":[],"Aces":[],"ObjectIdentifier":"DANTE.ADMIN-S-1-5-32-569","IsDeleted":false,"IsACLProtected":false,"ContainedBy":null},{"Properties":{"name":"STORAGE REPLICA ADMINISTRATORS@DANTE.ADMIN","domainsid":"S-1-5-21-1107894465-4119991344-1603665553","domain":"DANTE.ADMIN","reconcile":false},"Members":[],"Aces":[],"ObjectIdentifier":"DANTE.ADMIN-S-1-5-32-582","IsDeleted":false,"IsACLProtected":false,"ContainedBy":null},{"Properties":{"name":"INTERACTIVE@DANTE.ADMIN","domainsid":"S-1-5-21-1107894465-4119991344-1603665553","domain":"DANTE.ADMIN","reconcile":false},"Members":[],"Aces":[],"ObjectIdentifier":"DANTE.ADMIN-S-1-5-4","IsDeleted":false,"IsACLProtected":false,"ContainedBy":null},{"Properties":{"name":"INCOMING FOREST TRUST BUILDERS@DANTE.ADMIN","domainsid":"S-1-5-21-1107894465-4119991344-1603665553","domain":"DANTE.ADMIN","reconcile":false},"Members":[],"Aces":[],"ObjectIdentifier":"DANTE.ADMIN-S-1-5-32-557","IsDeleted":false,"IsACLProtected":false,"ContainedBy":null},{"Properties":{"name":"SERVER OPERATORS@DANTE.ADMIN","domainsid":"S-1-5-21-1107894465-4119991344-1603665553","domain":"DANTE.ADMIN","reconcile":false},"Members":[],"Aces":[],"ObjectIdentifier":"DANTE.ADMIN-S-1-5-32-549","IsDeleted":false,"IsACLProtected":false,"ContainedBy":null},{"Properties":{"name":"RDS REMOTE ACCESS SERVERS@DANTE.ADMIN","domainsid":"S-1-5-21-1107894465-4119991344-1603665553","domain":"DANTE.ADMIN","reconcile":false},"Members":[],"Aces":[],"ObjectIdentifier":"DANTE.ADMIN-S-1-5-32-575","IsDeleted":false,"IsACLProtected":false,"ContainedBy":null},{"Properties":{"name":"EVENT LOG READERS@DANTE.ADMIN","domainsid":"S-1-5-21-1107894465-4119991344-1603665553","domain":"DANTE.ADMIN","reconcile":false},"Members":[],"Aces":[],"ObjectIdentifier":"DANTE.ADMIN-S-1-5-32-573","IsDeleted":false,"IsACLProtected":false,"ContainedBy":null},{"Properties":{"name":"PRINT OPERATORS@DANTE.ADMIN","domainsid":"S-1-5-21-1107894465-4119991344-1603665553","domain":"DANTE.ADMIN","reconcile":false},"Members":[],"Aces":[],"ObjectIdentifier":"DANTE.ADMIN-S-1-5-32-550","IsDeleted":false,"IsACLProtected":false,"ContainedBy":null},{"Properties":{"name":"GUESTS@DANTE.ADMIN","domainsid":"S-1-5-21-1107894465-4119991344-1603665553","domain":"DANTE.ADMIN","reconcile":false},"Members":[],"Aces":[],"ObjectIdentifier":"DANTE.ADMIN-S-1-5-32-546","IsDeleted":false,"IsACLProtected":false,"ContainedBy":null},{"Properties":{"name":"ADMINISTRATORS@DANTE.ADMIN","domainsid":"S-1-5-21-1107894465-4119991344-1603665553","domain":"DANTE.ADMIN","reconcile":false},"Members":[],"Aces":[],"ObjectIdentifier":"DANTE.ADMIN-S-1-5-32-544","IsDeleted":false,"IsACLProtected":false,"ContainedBy":null},{"Properties":{"name":"TERMINAL SERVER LICENSE SERVERS@DANTE.ADMIN","domainsid":"S-1-5-21-1107894465-4119991344-1603665553","domain":"DANTE.ADMIN","reconcile":false},"Members":[],"Aces":[],"ObjectIdentifier":"DANTE.ADMIN-S-1-5-32-561","IsDeleted":false,"IsACLProtected":false,"ContainedBy":null},{"Properties":{"name":"REMOTE MANAGEMENT USERS@DANTE.ADMIN","domainsid":"S-1-5-21-1107894465-4119991344-1603665553","domain":"DANTE.ADMIN","reconcile":false},"Members":[],"Aces":[],"ObjectIdentifier":"DANTE.ADMIN-S-1-5-32-580","IsDeleted":false,"IsACLProtected":false,"ContainedBy":null},{"Properties":{"name":"RDS ENDPOINT SERVERS@DANTE.ADMIN","domainsid":"S-1-5-21-1107894465-4119991344-1603665553","domain":"DANTE.ADMIN","reconcile":false},"Members":[],"Aces":[],"ObjectIdentifier":"DANTE.ADMIN-S-1-5-32-576","IsDeleted":false,"IsACLProtected":false,"ContainedBy":null},{"Properties":{"name":"REMOTE DESKTOP USERS@DANTE.ADMIN","domainsid":"S-1-5-21-1107894465-4119991344-1603665553","domain":"DANTE.ADMIN","reconcile":false},"Members":[],"Aces":[],"ObjectIdentifier":"DANTE.ADMIN-S-1-5-32-555","IsDeleted":false,"IsACLProtected":false,"ContainedBy":null},{"Properties":{"name":"DISTRIBUTED COM USERS@DANTE.ADMIN","domainsid":"S-1-5-21-1107894465-4119991344-1603665553","domain":"DANTE.ADMIN","reconcile":false},"Members":[],"Aces":[],"ObjectIdentifier":"DANTE.ADMIN-S-1-5-32-562","IsDeleted":false,"IsACLProtected":false,"ContainedBy":null},{"Properties":{"name":"IIS_IUSRS@DANTE.ADMIN","domainsid":"S-1-5-21-1107894465-4119991344-1603665553","domain":"DANTE.ADMIN","reconcile":false},"Members":[],"Aces":[],"ObjectIdentifier":"DANTE.ADMIN-S-1-5-32-568","IsDeleted":false,"IsACLProtected":false,"ContainedBy":null},{"Properties":{"name":"NETWORK CONFIGURATION OPERATORS@DANTE.ADMIN","domainsid":"S-1-5-21-1107894465-4119991344-1603665553","domain":"DANTE.ADMIN","reconcile":false},"Members":[],"Aces":[],"ObjectIdentifier":"DANTE.ADMIN-S-1-5-32-556","IsDeleted":false,"IsACLProtected":false,"ContainedBy":null},{"Properties":{"name":"ACCESS CONTROL ASSISTANCE OPERATORS@DANTE.ADMIN","domainsid":"S-1-5-21-1107894465-4119991344-1603665553","domain":"DANTE.ADMIN","reconcile":false},"Members":[],"Aces":[],"ObjectIdentifier":"DANTE.ADMIN-S-1-5-32-579","IsDeleted":false,"IsACLProtected":false,"ContainedBy":null},{"Properties":{"name":"EVERYONE@DANTE.ADMIN","domainsid":"S-1-5-21-1107894465-4119991344-1603665553","domain":"DANTE.ADMIN","reconcile":false},"Members":[],"Aces":[],"ObjectIdentifier":"DANTE.ADMIN-S-1-1-0","IsDeleted":false,"IsACLProtected":false,"ContainedBy":null},{"Properties":{"name":"ACCOUNT OPERATORS@DANTE.ADMIN","domainsid":"S-1-5-21-1107894465-4119991344-1603665553","domain":"DANTE.ADMIN","reconcile":false},"Members":[],"Aces":[],"ObjectIdentifier":"DANTE.ADMIN-S-1-5-32-548","IsDeleted":false,"IsACLProtected":false,"ContainedBy":null},{"Properties":{"name":"CERTIFICATE SERVICE DCOM ACCESS@DANTE.ADMIN","domainsid":"S-1-5-21-1107894465-4119991344-1603665553","domain":"DANTE.ADMIN","reconcile":false},"Members":[],"Aces":[],"ObjectIdentifier":"DANTE.ADMIN-S-1-5-32-574","IsDeleted":false,"IsACLProtected":false,"ContainedBy":null},{"Properties":{"name":"PERFORMANCE LOG USERS@DANTE.ADMIN","domainsid":"S-1-5-21-1107894465-4119991344-1603665553","domain":"DANTE.ADMIN","reconcile":false},"Members":[],"Aces":[],"ObjectIdentifier":"DANTE.ADMIN-S-1-5-32-559","IsDeleted":false,"IsACLProtected":false,"ContainedBy":null},{"Properties":{"name":"WINDOWS AUTHORIZATION ACCESS GROUP@DANTE.ADMIN","domainsid":"S-1-5-21-1107894465-4119991344-1603665553","domain":"DANTE.ADMIN","reconcile":false},"Members":[],"Aces":[],"ObjectIdentifier":"DANTE.ADMIN-S-1-5-32-560","IsDeleted":false,"IsACLProtected":false,"ContainedBy":null},{"Properties":{"name":"PRE-WINDOWS 2000 COMPATIBLE ACCESS@DANTE.ADMIN","domainsid":"S-1-5-21-1107894465-4119991344-1603665553","domain":"DANTE.ADMIN","reconcile":false},"Members":[],"Aces":[],"ObjectIdentifier":"DANTE.ADMIN-S-1-5-32-554","IsDeleted":false,"IsACLProtected":false,"ContainedBy":null},{"Properties":{"name":"HYPER-V ADMINISTRATORS@DANTE.ADMIN","domainsid":"S-1-5-21-1107894465-4119991344-1603665553","domain":"DANTE.ADMIN","reconcile":false},"Members":[],"Aces":[],"ObjectIdentifier":"DANTE.ADMIN-S-1-5-32-578","IsDeleted":false,"IsACLProtected":false,"ContainedBy":null},{"Properties":{"name":"BACKUP OPERATORS@DANTE.ADMIN","domainsid":"S-1-5-21-1107894465-4119991344-1603665553","domain":"DANTE.ADMIN","reconcile":false},"Members":[],"Aces":[],"ObjectIdentifier":"DANTE.ADMIN-S-1-5-32-551","IsDeleted":false,"IsACLProtected":false,"ContainedBy":null},{"Properties":{"name":"AUTHENTICATED USERS@DANTE.ADMIN","domainsid":"S-1-5-21-1107894465-4119991344-1603665553","domain":"DANTE.ADMIN","reconcile":false},"Members":[],"Aces":[],"ObjectIdentifier":"DANTE.ADMIN-S-1-5-11","IsDeleted":false,"IsACLProtected":false,"ContainedBy":null}],"meta":{"methods":521215,"type":"groups","count":79,"version":6,"collectorversion":"2.5.1.0"}}